HolderAddress,Balance
0x88Bb006E0ED0234a24cd94Ccb06Ed1F164b0fFd9,111
0x3a4eA7895A8d4a73c54050798c030cED29bE35de,111
0x2E17bDCEFDc8a4461922e0C6F3290C3828af14Fd,111
0x246D1c877c176E2f00014DE7B013478538e6939f,111
0x107594CE2902d6a1e6cdF42798783fC659B156cC,90
0x9152e110eE10e15e3021DcfeF838BC3Bb309a2b5,69
0x3De32B40055860D98b73bbDC98ecc59226DDAF2A,69
0xc4da93843cA009814325AA5437412c85612d3f1f,58
0x1eaA38A21fC6697bf61D53c399560e65Bc61C4Da,50
0x1AF3a792a2c2E5f11d732164eFd2f02995ae9787,50
0x44819D77DEa003c72853722Dcb0c0A26aA8da713,48
0x1F92fC15bCbEB4dD24EeFbead8d7aeE409f891DC,48
0xfF32151ad67AD571adFD97C3068C898606B0C332,41
0xdBD0108feE34DD2f89eb67D8F436FcCCa5BD4BC1,41
0x77F40BFD546004400284B637c40Dfd821e4ce39c,41
0x46207933722A04B65342d9de7dCA845a924Fc9cD,41
0x7Da568cFEEA5cA6e8B0B453ffea06dFcEd2D3052,40
0x66D2aa9c766782F0674Ebc50b7632b735b8e83fc,40
0x1b0BEFaC8e4a289992a31E4309Ba2EDBF28E40cC,40
0xA6c097488c72f3bb2AF58bDee69d8854d6B9787C,39
0x74eb9DE6c5BAEA3a1Eb4EebA5E8C24c7733B29Ed,38
0x402354105f844F458FB1062c6ac87E86e889d2f4,37
0x1db6E0a00724172BF47D7bd59FD092Cc9Ec9f36D,37
0x43638f8740Cb5f67811C34484bab8B48990B5158,36
0xa734439d26Ce4dBf43ED7eb364Ec409D949bB369,32
0xDfCFC4F8334d6350A438F72771436476ac6229e4,31
0x98Ecf2327633e245627Cf65263E82b5daa6E2FFE,30
0x39fF8dc807a2e57B7e7d9264E5002b45481Dc47B,28
0x9a2260158Ab48DCE3907ada95c27d832631CAA47,27
0x70CFB1fdd807DEe18764c805Da7517AD30F47009,26
0xcf61304a0C0a1c66Fe332Ff6D02c9127aEdDe644,24
0x37a0d07abC3ccC1f8460593Aed1FE9390bA49Bc3,24
0xE14c2e8F4D2084a6D9784Fc3a9647Ce0d28899d4,22
0xC29703C065C875BEF3fd6DFcacB3d03E6c588F53,22
0xC16Ea2E249F068E42bb06A8DDD64ACdcD782b4D9,22
0xBE98086249EF77547500857f4908371A36Ad538C,22
0xB5Bd41903E4cD9b57460dc38dAF5aE38E673Ca18,22
0xaA90beFC76B37F487eEc5C1A593ea5b9826440bE,22
0x841abc1952a988258bb27142F8586521cFDdd3d8,22
0x7A099505fC8d4Cd7604e1e3E586cE568eFf12E07,22
0x6d090E8b5EcB02b73A9865609fC1994Ea09F6694,22
0x35B91E23E96b1B4C7F794CFC570Cd5f1a749d4ad,22
0x0c6e9554268B9eA2CC505225979614f04A75B7DF,22
0x06aBF138808FaB7e51E3aF06DBFfDD186c7172F1,22
0xa821c1ae765c84a69d7827417aEaa2E8e2171693,21
0x329542998ab51aB40b4eeD39Af7b992D1e049c50,21
0x225a411558e3b726AC95f9A95b76a45b26335471,21
0xD58f36d8FBdd999b5866380292aA9dAd5EeBea5b,20
0xa87535738db83004082A19b62b4335Cb863391eb,20
0x46D7ACAD8CD02d1E6497cF0D6283Bda45cc31892,20
0x27c2F5b20ABC4c3d462F2046D98E9Dc638cb6fEd,20
0xCfD120c17CEc06E966Ce88B5E696dDb4C7140702,19
0x448359920021967eb8DAf73778d49F19b4867bcE,19
0x3A2f6a462fd2E7c19Ff272348bEe4a13f3e7c388,19
0xDdd8165f1873bF603D145c7bF4C4d01CE038A32E,18
0xbB21119fA462c38a083c876f3E3ba04a05018912,18
0x4Cf4A60FC3b8d051008Ab85c18ECF045E76b303f,18
0x0C6cfFcb1EAfa5F8f2BBC930872cde755F6E7404,18
0xECaB859b58E1016510d7F1A79ffcf9d457802d7D,17
0x021505f6D73f8A079EeD25A9eE983003c7B9Be0e,17
0xda1d9534BeF3344Fa5be3B644b767b349e7415C7,16
0x6Dd76793A030675f4f548EaC34A9321c6fE14B3b,16
0x187025eF9195C841827d0F1a4a3eAd9e1f0ae129,16
0xE4E75D7dF7fE0CfDfAc5fa0C1E4EB184d5Ef614C,15
0xb6f6Dce6000cA88cC936B450cEDB16a5c15f157f,15
0xaD7D0Dc46A3b2F416432C11B691ba76eC0273BA1,15
0xab97bC8f184F087B1dc77db78BBac0770624e00B,15
0x7Dadeba910f618B2d7a61Cc82fA30EC05A79D31C,15
0x57a8cD1B23AD29204EcEaf51e326edD31b850f24,15
0x56A00dAA8ec50cA867Cb1C68601b96bF1A84C540,15
0x557799ab460f890f9b9C2d61Ecc217480459eE73,15
0x50cA8dC19BAcdc2d0449fc8e7F3949a2082607fB,15
0x4E1749017f9d36c2C8b96a5D662118C42dBdc1a5,15
0xB95619317834Aea741A3cE3ee59aC7D621f989A4,14
0xAFF17663FeBd9Dd2d36EE2Ce0cF6fe6795e71757,14
0x81AC5234dB87b13ae0d2D8d8D7C9FEb65cb5eA2A,14
0x742c17743855eBd991306b16C6Cf0eC5cF60C48a,14
0x682cF7e758BC166e70fEFaE50c257d499E056A6E,14
0x5D802e2Fe48392c104Ce0401C7ECa8a4456f1F16,14
0x9b297cf5dA7c4902Fd0Bf79fdC72b0D9300BA549,13
0x73F498AEaf2feeAEEEf4B917BA225394313eF6ec,13
0x6c16619028747AB3fE4469EbAB20115c4b7622dE,13
0x5808994F8b4C96ca646CDED34d085B6138E85a4B,13
0xe5F8427078049329A663B308b43e5A2F89849789,12
0xA0E46E501eeCd76D8802ceE112c635C8e8A5F79d,12
0x86340F49E0826B50e93498f4D1F3Add6F0A12386,12
0x775a81B39ea2042855A977C37AE672007c8C202f,12
0x733136Cd41787Ea5712ff53016AB108358A28b63,12
0x6D266eBa0f9210123AbdAd96D90d246d9BAdE701,12
0x65c4c95C43078ba3EddAe84676A84cB0F9EB3F12,12
0x5ACcC350f8fbCB8c83642B4DB74cf4f2dD1FffA9,12
0x49307A9aa1bf5A83D392217236F348cfb4AF174B,12
0x3FdE951d13612fFA5A8b6F4C9E5797E34Be64e43,12
0x2d9F2afbA77909B53B9569f602448a38Fe7Ea986,12
0x249CA69962eC73476E9fF7732ed37CFB4fAB9765,12
0x1Db440F3C46C517072C172b183C966b3a68D0bE0,12
0xfF51cc1519c7a61144d3FF6F883122f150752445,11
0xFd6d1dB4724b069ac8cAf14A447a9cdbCE4Dff98,11
0xfcD3dB2816b3904656a03e1a59411b16361dA4A7,11
0xfA7f4a5232Be03E294457dDedE777558CF01dC6e,11
0xEFC657eB34c48eB5a104282E1C21F2D880ED510c,11
0xD7196410235341A2F9640deB707C026B1Cc2bdFC,11
0xa21DE2A6e2A80e17748f20784059455D0b541387,11
0x9C6b08515B6414eA390f9c3c3D72B14146618E09,11
0x905110ef3e5Ed067DBEdb614ee3b01D17219B30f,11
0x8F97f077b2EaCa02c6F95AA8725afe69BfCD7931,11
0x8dCBFEbB91F80082AB074C047c4c4CFBa58160D9,11
0x8b5EE8Bc945382b76426a47A86098BF0ab05ab6e,11
0x7b2F4Bd6f8148c26172A93e6f82f1735098c6C9e,11
0x692F5c61547954d5224a851e0283c9DBD296c84F,11
0x3Ac6F649b5A3758Ca7ba085631a82C700ea319d6,11
0x17F607b9068Ba6F4c0A5e4c1456aBB1Fa6D22629,11
0xF38A9A487D5357374C0207245Bb42d364Ff2a17f,10
0xEf9996417898507DD925e9DB00939f109FCc851E,10
0xEC2Ff6b7FFB96a42535bdd75bE2F65fc6c091a87,10
0xE91E119153b289dDe0201dD6Ae9A5Bc8F612B316,10
0xE90ad161e69d7CdaFE5BB910EC7fB43579864842,10
0xe1cE2779A63c6Cd75B6943793285c8F4572d0726,10
0xDede458AC6317a9982E7737B162b457d649AA572,10
0xDC667CbE9CE1f2d97a03628540a48e7594B6137b,10
0xDb9B025867Ea5D1ff67e9D6C3A2B67dC8DBca07D,10
0xd17f8fe951AA9207Ee637B396aCF989258657e11,10
0xC9C5621F08620b7b50aAB7D70426ffC0f533Fa59,10
0xC8c9941f3b5d8F07C9c1E1ce04197c4A18ac076B,10
0xbD3D8e08816F0319A10bEC64DF95DDF117894e04,10
0xB9772456644e378e4556e7f5779270655e88B339,10
0xb593fc7974a08Df2EC07Bb437F2bc76cC7B79100,10
0xAc4b597Cb1bA04e906Ab24BD3DA04fF1Afa98692,10
0xA910D55D7e170Ad8378Af516Cef082701239B86F,10
0x9d405F5dFeb805bD8E0bA0f751aE7793E0c8e8f5,10
0x99B747DAb7Aae6580b6e43E8a10AF5fFCdf4A649,10
0x8b778873E08f2f886C9AA010C2A817316ca79551,10
0x8a66518Dd59aA0bB081781C3fAbCbb7a896732EB,10
0x87dD55828B2a4F4b750aFD504a5d9d2561542564,10
0x84537e1Df3aFAd87f9f6Ca70Dbf3E84e8F648f8c,10
0x81BD482104525eC18B73507A4CA67295493FD6A1,10
0x7B464DeD7c06C63351936083FE26D72590ce2bE2,10
0x6Abe00389F23242a58821FCe88104842e1Ad1195,10
0x699699AaCbEDF14730ad8b1E63e2d5EcA30c521B,10
0x5dF92a19066d1Aa182e461f508E736a6094714Ad,10
0x552ADfaC439342F1c92FD110143d5A15a96B89dB,10
0x550bBa76A46feb4BcdFEdDBC9e3ebd2B872BB5AB,10
0x4Dfb053dF8Abf52759710d825e848Badd757a477,10
0x4baa57077940d316d783016B76B8dB1D49D14d0c,10
0x424aC08061DBcc3a2fd9fC9ec1d9BB5D9CaDabE4,10
0x4124Cf34f56fa151E05c91aCE550ADa0DD5aABD7,10
0x284C012968E9AD8542047408ed2a9d9967f3cCAe,10
0x1BeD09c60001Da7b5cb49ace0331F77DF80a2C14,10
0x1bea7F65937b8f8FE9045a5efa119943e252674a,10
0x19D872B9161305FeD44D042658dfD989E9E5715C,10
0x17F8Fd06cf707E9CA53ad0e3Bc56704012071Bc1,10
0x17377E2d9b3D92ECa1499FF14693Da99f0CA84A8,10
0x16679B41823dFa10A92BC822cC4f52c9d7EF2df0,10
0x12030487b32854fdc6FdD33F852BAAc6Eb1D2612,10
0x0e01A23C920Ca3D2a432842451575B64577B9Dd5,10
0x0DC727D425dbAAC9AC888559E7cEA1F61b1CB3Cc,10
0x0b1cC629a84405A65FDD37762eA9117A0c600307,10
0x084b61D4E3D81A16636B7b6EF1DE08cCc70847b9,10
0xFE53d8d12881F2c7FA6144173717874691A753D4,9
0xfa009D51f7a62B5bd5D514D44499DcC68d0EEb1a,9
0xeC046Bd8E570deE090e9381FD7Bba3003EA1bd7B,9
0xe437c83a948D27704E961Fb0f5cc16663BBB0653,9
0xCb634F7C233cFe06EfC914666EF02FB2211C8E38,9
0xBE3026ecA9dd524401Ceb3B703d7972497332325,9
0xBB43D0e5e880D196cF36B78b9abA35319A2d7f8A,9
0xBB24d152a26e2d3Ed0a3811D14af197736635C62,9
0xAaD5A24E05884715b0DE34f2530334311Fa07165,9
0xA944066b37EFB05b1E1aeC3ddA58FFD5eF594421,9
0x9dAE723D3C757D3b3412f10CA844B3b16fD37d2C,9
0x8D1F8eFF75c95f739A8559f8240a46Fc512D714A,9
0x8D086C7d6bdAFAC560038C9b7808b4DA6c009d78,9
0x85AAd03D3E70ffcb3abc524e1F9ff2dFb8548b83,9
0x8065E184f91B59D04103FbB0B7E660E5fB774123,9
0x5b5eE9d1AA0ed7a203dDDb0FD7C01A2E1509DBc8,9
0x507a342E1f434FC4DaeC79240208F0f29274e117,9
0x4431ee7d6E045286960376Cf74413d72D7CDf04B,9
0x30A6B2041768B30661924b47FE00Ed8407C17200,9
0x2AfaeDc505e34EED506041C5a5C51ccf771e6392,9
0x25Be5197222459ff188E8658ae1e685Ca033125A,9
0x20647c0663E9e329DB851bC939Eb539d4A0cC2a1,9
0x1A8652b88D2dBF84d362676E47d0E4Ac5E564060,9
0x12A52Ef6FE6DBeC34FF237AD0642051B73E80347,9
0x012E65Aa91Ad64003d213de231a2f6a26Ac624DA,9
0xfBbD81a18376487B61167cC7819Cc5B55998FCf0,8
0xfa9557Df10154A40ED4D4f1C204Ed8Db020cF025,8
0xF89E4219689750fFa80dEFd1923c44b07C36ad06,8
0xF59be787fe38cB3D89027215a41f3d6887e8CCC6,8
0xf1bf2C1595F7Cf4666d57E2B82dC91e286D7C485,8
0xe6684AfF208200Aaf4225297EF677abDac29Bb4b,8
0xe1E8590b110A5ec1c44247F026269B2E66aa7B47,8
0xDADB6494455D11748f2607fD0ebaD46aA9231a52,8
0xb6B94935cc48840e5Bb5a3Ac64669e55aEed4acA,8
0xa6d5B408ba2dceF3b175cF3a9c889e1B892F1Bb3,8
0x9eF2d8F28bbD1eB7954262D4fAC0272E7908b4aD,8
0x97B342EFf67975fF33e8239e04e07F5719C3bC63,8
0x926cB1B4652dc744AEb743585c3601c60C74BaAA,8
0x918750204989A9A8Faa0C88cf2D9b2b94B28F7ed,8
0x903c5E795741E446eB6620b417B8ba56554f24bF,8
0x7ABd480bDad5CCFe1AcC840cE408B1336b747ad3,8
0x67feC197B5f57A19677B276215432896C98b1bBD,8
0x6744202910d67afd2B7B8517CeD14ff8a5ea8173,8
0x5F685F91A63d7A1E298688b6Dd03ECDE5d338d21,8
0x489476393b55743F3A09A54b82828C813A68751E,8
0x45345436a89842231A6c28F3F8eB7ef125aBe052,8
0x3e95053476A99BB36dD240664Ed0D7AF50E8BF97,8
0x3D83726B07325B7e5bf82f07e2b5B37a5EDb9B3a,8
0x32422925F0677F0dcDdD37649FDC4e6f312ccEeF,8
0x30c3e7Fb39686cCc033E76F5d8fce96Bf74d8814,8
0x2597d6D3E933ba8c7e0b4A3d48f947fDBDb6a80b,8
0x130A20cF11d8519E657dD6C6b4C733AedC6B8485,8
0xfbC6d9b42Ed867092E24064899047cc1b045696a,7
0xF5fC8d04a6dF8815f631D9f9fae3EA9Bfbb88c99,7
0xeE520B72e4772E9bcb29a7B5940ACeC3d82AC9B1,7
0xcaB5a4Ad2328584B934e59f7de7EFCfA25e83c17,7
0xB2B7F515A18a3EaC295B224d8EDbbf5b995575eD,7
0xB084684622C4855C9D1BA17189BC126516142e22,7
0xafA08323e54cE524D576B95b455D8E93450a4590,7
0xaEF795F0Be92B4eBbc5a05cA5901D9791FD2C75f,7
0xAc8F402Bf1349a78b1D2141a857eaB16b28f524C,7
0xA6931d7CC9E655Db09E8Ba207149d159e48aFc25,7
0xA4Dc88235f7d34f3828c944842e006624639D71B,7
0x9E3EE00fC7d3E4ec1a0FBC4E98E7Fb972c1a4BBf,7
0x96e6DafdF012b9edE6Ad50c7D8Ee1e656a85Dd60,7
0x8f966e23484cF2704afef4Cc4ce4E4AdDe8A61aC,7
0x8466C76ba820aC6CCD870260cB5A9bc79658aE0a,7
0x73aaAc963c2A2E2d81cb282990D090fF1C96DC66,7
0x6A3044Ac9450A72ec49e398d0c246530665D16Ff,7
0x64aF1474455419CEB945aD19Ee0cD1298E093466,7
0x632Dd787696585F656d0CbA5A052f2276cc98252,7
0x541eE5242D030BcF97B700d528C138299307Fe9f,7
0x521e6a213470ebB9Ce0c2544e59753a5fb177424,7
0x51829763CBc24C0aA484DF5858cb1AFcD1e87E53,7
0x4dbda01D65d06E4CF05096F7e24632e2274795fe,7
0x4C188C3EAAb1B673b26FFE027E767aB46E695F3c,7
0x4181cBF8E69Ba0fE24d7523b23b7974639864CD0,7
0x3989e152B69C7bfBD1cfFaAA8242BefB90a288db,7
0x33c906bff614aAD8D579fe4eE5d3b7fF0312eACb,7
0x27e26DfE207a7d4A8dD6a2398F57aa373374a440,7
0x20d2e48c415e82Bff7f2FcB828aE55FD63f51F82,7
0x17de1e052218F6Adf809c5957ed914aB0feBfF04,7
0x1620e466771af28e09Af7FaaaC0EbCa5DfAb6468,7
0x13b16dcD1fFEAd2568B6E3917432EdFf431fb19a,7
0x102Cb6584E43fD8d75bfb46fFc2c1D57F27bfa59,7
0xfF9060CbA3b6b55b2b97c15f835e51f7Ec0e5734,6
0xF4Bba88257B1bBc9d2bF9A20aB217CE7C28935E8,6
0xF45a5BC4C72eFF0FFAe5B0f2ed914ef9182276D2,6
0xF0e5fBEDbF83Edc03B321860973aC48cC533C188,6
0xED8425eeEd6a7fB0284A70b888bCAc6Be59B80A8,6
0xdA0f7587EbA5B04fc0D6ff768C4E9c4C72dCdF44,6
0xd9aBA0828fd6735bdcF1A67F75eB6F5b78Ec2676,6
0xD7c283ca0F5b554D8C7633003574DdB1273Ab67b,6
0xD79B8CeE8d97e5208AD5dd6B2558275a959eF084,6
0xd6e9d9CF96C6BeC0Ac88eE00202aebDbd1fa3432,6
0xcB0d678e37f53A1Fa971006370b0330189aF4458,6
0xB3DBcAa47352F8d62Bfb7509B77d84C6C2cEC9f8,6
0xB3C163889f23E538512d2A92c83000F4aD9A3A8A,6
0xB0355D7859bac5409fD09a2843A1e924F648e1A3,6
0x98d09Bd3d274676C2fADDC7A7e44A4426E62CDF9,6
0x8b1ae7Ec822B8018C9aD4e687Eb3f4791CE20545,6
0x60A38Fc6352190C7fE34Ea234f837a74FdA50c0a,6
0x587f699D9de5820641a6E1ae24abA7fFA2E42d2E,6
0x58531877e4D43602E42173951fd5F23a3840Ce28,6
0x415F2Bb418e5A221cFD69De1DCaa5FB9D3F817bd,6
0x33343C633ff92A82b1f82be62e53802B1D760C0D,6
0x2e3367363C9303f5A48a3FA1B82110fC1dAC24F5,6
0x2767500a75D90D711b2Ac27b3a032a0dAa40e4B2,6
0x2766415bCfb638f8606C50F225D9a0860e03c46d,6
0x2055a068E1EbA7c946E87EC52B5a27C27DCa1538,6
0x1bE18De3Aa85ef2D69EdB57D2b1804c3A0A3DB2A,6
0x0d7a75Ec5C948A8f910Fb0Af4Ed63D2fccE03624,6
0x0d6d82281F42BB7e2506eE55B3B383961BF8fB50,6
0xf94697E73F1d13937025E90e5eF93502E58387A7,5
0xF8D2D69286C42A1FfD92A11261C3e4eE88447F8E,5
0xf62e8c370280d9aE69f070951984e1fb6D27a63B,5
0xF434e62BB100F681DfFafDaAbD1E8eB25053F887,5
0xEcc8ebc53Ac2E92FE7C34db9cB1056eb667152f5,5
0xE9D398Ba55C7B109e8E8e2959C60d90Ef68BD51A,5
0xE66D27E515527021945c1AD5ce00D8E29c174c71,5
0xE36c0BCD3e4A4B346A34eE82f55D486f371d9447,5
0xdF5D27311F5774A7466c709908BD2e962f34bED1,5
0xDD78e501B440633B9aA92F800B8aC26f0F4f3891,5
0xdC3bFbC0B8902e7f88E4b4972C614E0a6c8a634a,5
0xd6eC4e1A85fD4DF61e10a3cC1Aa0a73907C09087,5
0xcF70881ddc4c74ed974f5721d70EC85D6af0C8DA,5
0xCC920E33620441BBA0A2612c71b8e94338E684D2,5
0xC6b27fDCbe10A62Ec44d0fc120Df24173fed68c2,5
0xC2b100553BB8eC0Dc981413b86464621692c8050,5
0xC148B7eeef3070e7584998F118c76FcE8FC83804,5
0xc0Ef6bAD2451493C982e8f619Fdee46b9411d361,5
0xc030d9D8b0B93bF7CbA424FC0D213AA44C9e3F64,5
0xBAc7a2c5811d84D28B7fe531a948c65c1B60e8D9,5
0xB1B45599935107078Aad47F0Da4EC9Bf13B0d9AD,5
0xAF42770ae98C747145956aB120388eD8D2D15df7,5
0xae6c96466611bFcB1A2917456ef45D0e852C8bCF,5
0xa67484Ed3146E7065cAeAE875E207A48110Ec489,5
0xa181E9a19c67AdC681804a44CaAa0fAd5D5B3eC8,5
0x9B2832107b560869e5A2D10fb7dff6a36304ec7B,5
0x986247AaDaad00A04A2a11b5c9689337a40bb93E,5
0x963B49f73509eaDF7c754DDD1C2cAD2953A7f7A0,5
0x9516d1CB55b1C32692243AA71a828Df307270EB5,5
0x8599992433a88DD0689Dc8d4f124D1880271F141,5
0x85658033daa11Bd3666D9A631286A4Ad099D517f,5
0x764D374DDA8955499f5FC967422D0E9b91bf0620,5
0x722Bee396489d2D1a28c947B95b203227574B1dd,5
0x71e998D32bb109d64d538b4c1A902305D987d0bB,5
0x70237404C4BCBf59d59FC23ce610a79657402Cc4,5
0x65A671e1e045A74821533bb633029B34e9225204,5
0x60E3Fd7339cA9f2459FBeDcC00ccCf133bCD05a5,5
0x600FAaa75542A76Df575565632A806AC38433140,5
0x5a3dec63b4E1eeB6469CB9509666FEC7B8d54bD3,5
0x5841c4A3d272dE472Fd363d057DC83996272239A,5
0x5507dbd48a5A5bAcE8a6030e878cC4E0af147C33,5
0x3e641Eb8F3784Eca4088e63F6756057B38eed52b,5
0x3E0E9cd12E790256d8a0c8F49346928E4FcBe927,5
0x3845d90CC1dC8E081895B607106b0d7d6Ed6FF5b,5
0x3839AcF1ee7699D1F46b1BE840D8aD8317FDf757,5
0x313Eb96Af1f9664f0803122206cA25dca9C69964,5
0x2FAA3fB37c30140933521D71e0F3aae6917B9b7f,5
0x2EC7531143416208bd9aCB47668abCA5c1307748,5
0x21c186704436e375533E8Ac55c0d0B9A7e879143,5
0x12028c80015e465458eD9479eb6d8C3503b72a58,5
0x0AE6090e2f2E4A5cF8ed7390AE6Db3376f3ce893,5
0x0A1fe7A37506168eBAB67a720423Aa43D39D3637,5
0x0774B7E4661AFbcdF270e5e575b2571b9b23f8b2,5
0x06D2f2E333B7E4C9ffB36526cfB25AE3A85284cA,5
0xFf16B194EE39aF403a6857E6cFbB90C5ed6d40b8,4
0xFeA35ce9f91b95d432136BFa8Dd0e647A4e8a713,4
0xfdB2c5D57e1db5B1d57AFabdD0A78fEa1B922865,4
0xFbAC5EdbeB3e6ACc3f87b7267b6200fe9425d6c3,4
0xF96f06675891364a476fAe45b26aBf91712411DB,4
0xF8Af3202daf79b31cB35Eb6C4c5473F15992C0ec,4
0xf4733d45e493ADbbc6E69Ff277fAA37d451867f4,4
0xF37d78cf4A9EB0Fe29C2b35F124C9893d1EE6Fcf,4
0xF14172510504A013620182C39b9ae2366274239B,4
0xE88A6Ef304F76091Eb76bD14dfe3Eb86E4dee879,4
0xe5E1a7eD0B9515199BFF793c223A299D9fa1B5e2,4
0xe1723D29e579F25bBe89eE89604F09285e1E288D,4
0xe025b7307b82e4A307B0aEE420868B7b5BF7089b,4
0xdc8bc11E0575028c85E081d7f052eDE06738D4FE,4
0xD9407253dD8fB0d10B9f2e278281fE3fbEf92b2c,4
0xc7b441a138C5D4009b740d32dE490AE2Ffe43e9A,4
0xc66E9BD7176aBF09DB46b563C6a21262Fe2578ac,4
0xC54D03Ee47F139627a32b77d17cf35F51A136063,4
0xc40D30D5E72308d83252609A42FE758AE3289b55,4
0xbf52f76E016C87cBC321E1688C762F53B4d2Ae0b,4
0xBa208E6C6B5f3A0FfD41f84fa833176d914E57c8,4
0xb9d57d7a806dcE5C184A59aa76b5b4c15276632D,4
0xb963e0c0F7Bd2f6d2cf6b69B91705aB530E55C77,4
0xB941D0971d106De7AC27483590bc047A7bF01b7B,4
0xB9001DDfa3B2069ba2702b3458dc3a4c3D8C073D,4
0xB7B92046717DD641E7BBF4E41fdF747290d8A99F,4
0xb4649B81064c0BcBbF4810716c9Eb3bF1D0b6e82,4
0xB3E70737E44385f4A4D6110e42d61CC084b18C8b,4
0xB0b46e19fF04A6FdA2BFAc0B0051753B03517609,4
0xAbD5f6A1d3e5b13b89F0Ee430A7Dd17F7b4F8118,4
0xaa30DdEB9B66Dc513bF5cE226ab14a1876791685,4
0xA902fbCcbA7c8df8BE706fbd09447f6E224008Ce,4
0xA4328AbA4140F36699211aA408AeCF181f180D52,4
0x9FC170ef21Ad694f699d5857d31B41202F6D8217,4
0x9a5c058E3eb9C9148e59E48CDdbC0c60fF73C670,4
0x980FAa2fFf838C75923bb017A24772C108AB7A9C,4
0x964BfA36E25E123dDab0968301d638b6bBdBa56d,4
0x94e62650D0f8bf37CE5d64A9EeEaf53CB10d4C1F,4
0x841D5E6520c3bDd944a0673529466F3103C68fD6,4
0x820BAe9b3622cD8ded510491Af4728a2dd094736,4
0x7bb3686856733F6dde4481BBEf935887Fb25AF8e,4
0x7239fdA238F6f22bAc291572271A566c10Bbf71c,4
0x7065af4760A640bdAc84C4B378d9000a3a135620,4
0x7028A98224c63e72a96fb66c5B978bbCf2E12877,4
0x6f358aC4b1096C9101bcFB75AF61F60FA51bE0fB,4
0x6cc122e9518ea43D058722baf521cBF4d8E83111,4
0x65B4741Ce96eBF0fA71650020bA1dF724b54749a,4
0x651322AdbC8561b9ADFEF834770aEC701a175e1B,4
0x619B88eE919722d2F5cCAcaAF57c465034c1839c,4
0x5DF201Cde6aE27d5161E9E000dE0BA1eEB2eA0Ad,4
0x5C52b0500ff813b606719dcBf6bfA998111cBac0,4
0x5C1345A0E794175a891c510bcC800b910329B78d,4
0x596e1c0cCa77547aEE91aA2361B863Eed0965009,4
0x55607d95576b8FABe3C4C11935ead91028c8B6C7,4
0x51D2C19a3302225cF147eD3Ca11b38D55Fa48e02,4
0x509189c1C9F906B14772A55FA8C50751a44Fc764,4
0x4786Ba51f0b994fcbFeFC55F6b50aC47b20A54e2,4
0x476179222B5e130A3BDCbe01E814bd09A8eBD0bD,4
0x434093c9fa291EdDB9c47Ab2079C962b75B193bc,4
0x4029697FcD64b8539E4300b183b990622173A5F4,4
0x3a5F453671FDce4a182b19D776A3224D5240E730,4
0x3a14EC5de945465f2c2Cd0F6EAaA469F81827f95,4
0x38FdFC7905779fb5025fA1953526B54716Fe9aE5,4
0x353f6124e6316cC19f0f0c4335bDFa1B268071B3,4
0x2F1CC7b69ca1Ba9DCa0D3Dc801B451c90301a7bE,4
0x2eFc4E575135a36AfD16Aa67307455b798117BD7,4
0x2d71023CeBC3Bf1db76D2fc90faFF90e808829f7,4
0x2423D8E563621F127984A4DFDbb4b4bcA7c83a73,4
0x2400EA1F1DDAA325cf3D185dCB2228A493265B38,4
0x21Ced36D3d1f57d29b44e5B80C3bea992082F368,4
0x12f757dBA61C8D05a93fE69C73872016A3Cd5964,4
0x11ddA228311F49610ef767a54Ab3714ebe774bFc,4
0x0edEFA91e99da1eDDD1372c1743A63B1595fC413,4
0x05E869D7897D0b8b8847CC5024787706b5BE05f7,4
0x03bAB0Ff124B7650A99c58D22E3538ee55Bd0799,4
0xFfCC2Bd6C221235f7D662109aC35f4Ffaf3B8650,3
0xfDa89D28f6c270Ce1d31cCd6D5970999E3816B89,3
0xf7ae777cf4Eb9936D169164C9dC9D0fce8d52c82,3
0xF67677781198d6e2b113d926fFffae86C7e3074a,3
0xF350e7EC1bA0B903E7CfF16a986B42772AD42657,3
0xF2580c664641bF1A2797d7205d76E92B45B10264,3
0xf10a25DF202DfB16d06C8d83464bFCA62DA0334E,3
0xf0642f8d8e95a4038891a4E263A0aE2Df5E6785c,3
0xEf3e0079bbdfC034522d3117B6bC37ca5D4a414a,3
0xE9DC37Abf50006a216E3ddAcdf06469932BB3701,3
0xe956dd67A32064BE55fd76D4e29b211aBE3B288c,3
0xe8C96493742695e0F76e54a98e31052a4870d325,3
0xE665D37a0AA74406cE78b1661e99a4A3bbafa556,3
0xE64D293eba2e322217fffBaf647810aCc22e6D7d,3
0xe43764E1648AD69cd42F54b94244f760442878e1,3
0xE01D0165E825b92cbb18B4878Be6fEdD0Addc654,3
0xDBF2A43A9F324f3b97d7DD1b4E57B64c9c5e41B5,3
0xDbcd4Eab54644430Ef3719f67AfA8346007B57A4,3
0xdA869d44Ae56d14E57646C96F6fC9666B3D776cB,3
0xd8E9Acb720C88059262a4e863BD47d21D81f27B3,3
0xd821feee24E745f73b7a02ed6E048e9Ee741c854,3
0xD7eA5A42B69e7f955C5236841827260D8AD81567,3
0xd59364bd35da07144B637fa722f23544DF0EF878,3
0xd0332468E67a949366A452F3903DbEf55e23F76e,3
0xCc00de42161a32c0a18DeF89474a2DC49d4cf7d0,3
0xcBb7a607e45c674d03dDf2002f7f48328115E1A7,3
0xcB7F78F9454370202023485733d2A350B6cbd5A1,3
0xCB1bed7aad114AC09905690E307B53B6441Efba7,3
0xC8385829ebb0c989545250aA6113C4FA6a13a84D,3
0xC771994B76BD8915f35E29A3f88F373de728ddC5,3
0xc7630d95d00377D7305d0e133Fa5eA58742b55Cb,3
0xC7591987380D29A61EcE99DB18Dd13A8B1d2eBa7,3
0xbE83e0A67419686219a5Ce5d1E36b780E97Daf86,3
0xbe69F90190317160e0dF7AEE2DF5048B3ec4AD88,3
0xbbE32DD56515E88fb0B9932676ee4E9D22b8bE70,3
0xB7E400e62Ca7F555b2fD0C34068EEB75E7a96405,3
0xB67340Cf69B8974b5a8BC9805615D75eb357B68d,3
0xB615028cF286a201A7910aD52a7163fbCc2e46ee,3
0xaf42659B804d3C042311A65195cB6566a96b4135,3
0xAd53Da76eA11AE3aCC4635Ce6e4D3943669a6a77,3
0xab29b9534e1eF6DAAF4c030C7674D5113bD9F550,3
0xA78A81B193a1897EE4dc88D0E50a2283199bd090,3
0xa6C7ec4E8E499fEDdA9550b937eB00ABb0f3440D,3
0xa5D346e5855069AfCAA0e8d0356fD46f6269B796,3
0x9f0AB480fc17E79f7055343CFe1eC103ea25ef89,3
0x9cd4128d540149c05A6b2a45c112956994cBf302,3
0x9B287AbcE8cA9a13fd0bFFdC52A507c64009fA0c,3
0x980cA99e0e6F54C5a885988bA4e39D6f3c8645Bd,3
0x936A4CfAdeb209610398f2203e022f5757d7FB7c,3
0x925EafeA2cc8Eb6f747624f745DB3ef0bf5A425f,3
0x9241f27DafFd0bb1Df4f2A022584Dd6C77843E64,3
0x918DcD63B0e008d5c90cba7D7E4AfA4562841cB7,3
0x910e4B0D9001Cd046B2D7656921201AB1948E3ee,3
0x8d9FAe22C97826308faAF7dd697597078804CCee,3
0x8c0ce6bF0DCDd6003D2138DC57eF348A03eEC313,3
0x8a7d5ba462c2130e02d9A3f4C08A140220fc1204,3
0x89c9bE3fB60A4ba9DAE8d35f0Eef5308Be2392FD,3
0x8878ce0614794a84a6FD46C93157A4BD47A5F1cf,3
0x883987e2E374021DB4D1A902e46834559394AADA,3
0x87F970ce63a79C385C5068597CB993cb1A9Adb43,3
0x84f16AA9f377D4c328b265db752d22562e2fd28b,3
0x825dF53236416F242cD82f200F91Ba67a08f6D93,3
0x7B50458f7Dd983d2b1984ab8bA4767fe4A2F284B,3
0x7b32EA4E94884f5c347b0A95832C6Ea5b0070dF8,3
0x7A8c2dbD860F2A22D5d239DDb46692E7aEceEA19,3
0x79BCc85b10A4a36D955958f892826F841E0383A2,3
0x77CD268E50E19ae06400e4FfB0b033681992228e,3
0x7546b99f88C7EEa360BC7fEAcC279AB526Ab11e0,3
0x7380D00E10E137d3ccfE22bc4a3524FFB06971bC,3
0x732a7a2cEEAC9926982e3d964Df2d15324cd56A5,3
0x722D0A29b5c6488db3208D8feF8aEBF55745bEAa,3
0x71D80f9F871aeA14e48562335a9B72724a660d5B,3
0x7139A30C328C5Ee5baCcAeA5C7540820Bb86DaD8,3
0x70dbf9648CEFF94Cda6d27DC903D07ff432946e5,3
0x68e32Cd0f3b57C8f11E991dBA9B3052811C82722,3
0x67756A0a24f36eDd89C0E18bc137D1c197aE6CEF,3
0x6449e3586BB222eEa1C85d3fd503e598fB41d87F,3
0x64104A645bA35F4Bd33118F87B24441e3783fA4B,3
0x63c26714ef2336b5F06bC4ae3a536D4C007b196B,3
0x618F56a8C8b3B42542aa8Be606c42B7272bD37E8,3
0x5Ff6156E64336c21B746AAE12196006a5253854E,3
0x5F1a48a02EE8Fef8Bafaef698D7A8e2139Ee0F3a,3
0x56Be34b316fc8ecA6c08Bc44E97f81BDa25fC101,3
0x56176D95fb9d34F853C36FFa49481D3091556192,3
0x55fa88037A255BE3e1C1607fE2cF7A622bE5c41d,3
0x538CE85CCf6080CEc960bC5341787691217c4D97,3
0x51249601Bd4b3255D68302a196c9a6Bda3C7430A,3
0x50BD3269803FE240c69e9738D10fbdD68c445658,3
0x501C14E1C8473DB060B4adC61c2d1951649A865B,3
0x4fFeF255980eA0f4A6AB5f444cb407722adb64f0,3
0x4bd129024Ec720C2175a6F7Ad83A371Ff0Fac3fD,3
0x489D9c38Ac74408bfc69f2f74736907003DeEd7f,3
0x446113FaFe68762D907F3969776045b1Cf35c0B8,3
0x413E75DFA56011DA67Bda2A91A1925ccBbBbBcBE,3
0x40ae83f788f35e8bf1Efdf3076844FbA31acd98f,3
0x3FC353Ca533EB3aF1b4054621E652f8Aca2163eC,3
0x3e8734Ec146C981E3eD1f6b582D447DDE701d90c,3
0x3d51Da31Cb5C8dc58B27B3dd1a06f6C46C51e532,3
0x3aF54C9Df894E8962e0C746a233de9192B2Eac2E,3
0x35eE85ec2C381bc00581c4995542F521061de8df,3
0x355dd535A240B7B4285497590ffc475A45479ef2,3
0x30Bf15fBCAF60521C6C1682Cb2822026a0173279,3
0x2e05C77C6a2A125527C54D0f38b8e947532835c3,3
0x2D2975285501e069beFF6971F4770dc49B0575fE,3
0x2a98321C3E8CaF30f22737188a45E05416159951,3
0x29DaB54e907Fb5174b955FA88D38970d4da0bdef,3
0x27255e4Be8a771bc3B7b9f8E3A7E8A9CBb885a55,3
0x2626262A6a1D0eD7871eeD8C5eBB480084e6F040,3
0x25A25e1C48d64aBECeB705a69C1673384DD3CedF,3
0x20c63419DD97fFEdb2534b028a22e94eD3bB0f96,3
0x19078eAbE773991d8148869067Cce2cd71486dBC,3
0x18aE7e9Ed91b5530350A174E121139B4e3bfe710,3
0x18aa3e35A34DeA871EeFc54c866DfaA9E8e99Ce6,3
0x17f89dC4f7Ce1Db746eFF020cE1C1670fD233950,3
0x17dBF92576718DE0Df5eA7BdDE53f8BDBD6e967F,3
0x175eF3749A73889976b405927C49571E28FD33D8,3
0x16Aa28569eD5b88b76B67249e3381BEc7eFE6EfF,3
0x16013b97F49d3E331104CA7805DD1cC75B805AB7,3
0x10db786E627879735280D6bf5f7dddb73Cd05188,3
0x10Bf6FF9C4d78dB601e500dBaD65Cc16ADbFae0a,3
0x0fE7e72C45688f7f9480DDB67Fd35E00122782D6,3
0x0Bd7429e35626b410876a841a6c6fD74119a8c76,3
0x0B8453e6902FdcC662821F794b863ddBb642d52F,3
0x09530d94459C8b4a310FBBc783953C53ED0207BD,3
0x08E9A3FfC44F86e5bf67Ae013c96614Eb8BB491a,3
0x06f6664F01383aC9AB51Bd5EADddf75F62B0b765,3
0x06196b8ca223D344f9886AB8D187c4e4f5883aB6,3
0x043b611B11d69D4ae07699FCd3642105503e80A2,3
0xFf0021E4f25F18cc464dF412eDDF378344ABB91c,2
0xfDC4D506b2DDaEb7B67BC1566aD692303213eBd9,2
0xfd510395BCDa362E97ef4AB787a5B3BF54D71e3E,2
0xfBC0492552133098A36f4C81C0531af0d85b0b75,2
0xF939f19f62D905FBFE9ED9f116f8E13F30166010,2
0xf907CB40e007e03fD2f89c72308d70f4410a5a4c,2
0xF905AE45e2dA775dD38b68341fA0B93A45144868,2
0xf82EF7D6512a6458d05711AA4DC4942785858F1C,2
0xF782Bb2eD6e480A25E8B29F1BE21a2938Dd9013f,2
0xF71a7C088BB87eA7651E84dD33bEe55226ee6486,2
0xf6f1A3D7c768aEbf6e87Ae44feAD25236baFf38B,2
0xf6528d0c4D38ecc42658E428161D9aC1C560dF0a,2
0xF5996ebB32928CC6F741C2BDD68d2cD6F551F4Df,2
0xF54b68d86B947205A892456723c753284ECaD78a,2
0xf5278AD03dCe8Eb5E04007d81590137Aae05A6a8,2
0xF5166586e520d651D2Ab8CEf440E00A3FCaCE01A,2
0xf4c48A9f6bA5257EF3062Eefc330858CFc0E1f97,2
0xF2CB9206a63eff8C4293692a36E018D3399e703c,2
0xF25D271BdB906C75e5C2f896865Fbe6322891e40,2
0xf10F39aF504591aDA4fF61BB92f1f34CC72C70ce,2
0xeFe0Bf728f2666fe1c5743b169a5315cD1118f87,2
0xEEA78fd30423EA4bfCa5b32D26aE8F70Bf195c5e,2
0xeDF18CcC861BdBC8000C02C842A1841d2a3F50b5,2
0xED6B6598d9Cbdba944b5b7bfbDD037831130bF0E,2
0xECcBBE762eD2307A05aB47E4A6BdbB1D15039053,2
0xEc2F92e13C049674aF7b7f3f054Ab1D5066A8DF0,2
0xEc25A62D1403A54076168304d123b636a9506EF8,2
0xea5A3b971C4eF589936Fd20ec47c255BDd8CCcF8,2
0xe8e2A968d409FAC64eE04196872Fe6FD0a890420,2
0xE7A30c4bF41956504B4350f481d4B5a31ced2c75,2
0xE785bbFdc291FBa763E9a9760C5B3669Feeda2aA,2
0xE5A763B85555F5eCcA255E0D20EC04d77DB5CA73,2
0xE4B924f1616D0bC0946F142b25E53Bc182636fC2,2
0xe44ba5763FA13fAE8C1c138f9f00E1a56D8C274F,2
0xe32fcb0457220613A688eB345B914838Be878D1F,2
0xE1C776E0cC0A7Ebb5a9c4eC8D589AaDFE1e7250D,2
0xe04BaE3D0e9A646dC71B22eb82Cb9Bd124f020Ae,2
0xdF7b331611e987157A586744832E8D98Ff0aA1Fe,2
0xDc430e6f5C53cc9c1fBda1200a61D10ccaD3D371,2
0xdb534BAB6b7d0690f412395B18bD3df078ECfe2d,2
0xdAC68d9972CD5275EaAA62EDc945D06ab5A2924a,2
0xDa10c8E1DB48A4Da8B4D7e2f648E82A5256A4228,2
0xd8eD9bcDd53D36a48Cb98357B6134986143D26ac,2
0xD789f2D738c2cBE193581350a7FCe8a781c0455E,2
0xD75B6Cf271b09578fDe5FE85504d613a648BD04B,2
0xd5F56eb33DBeD98260b86a936824222be30b7D59,2
0xD5B8FA616CD9d27CFDf4737A6C58e155054A3CD7,2
0xD57d71b6DaC188DB005Ee800BE11D12FCB26A40E,2
0xD4df5018407Daa65524DC8ed39979D084061b354,2
0xD49A2Dd04F11ee2122342c488a339D62B90290fa,2
0xD18e0B87ec7b9c06131c98B92Fb73a6aeC0B7779,2
0xD0e8FB22b1b97a08a5c3cE007642Eeb9A7956c55,2
0xd02A3F174D74128653eBA8fE4A06a24f1A4Ea2fF,2
0xCEFFF3aE8798F7A7aCb19Ad814EBB4E3fd2C041f,2
0xCEfD29991d0c8f66B476fff224AB1f0cC106893B,2
0xCE4cB20E6FcDb58e3828Fd93921de6A8c348CE7C,2
0xcDA0a177F03c0caefED7685e3A237378b1AA9393,2
0xcb70Ae5e897325B45Ee1478eb3d5E0fe195170AE,2
0xcA36bD7511cf258fB47012Fd73424161EF417538,2
0xC93401aCFb3760F618EE1EcC18d937402B7C6cfc,2
0xC83F8fF9E8DD06A1F11AD670b3844FC9230DeeDD,2
0xc747FdCf2aa1c8f52eA99d925CE401c5A48de8A3,2
0xC741de359C17cBB33033E129ced119740992a910,2
0xC6D1C0670C201D36aD5759a2f9f6371ec8ffd67F,2
0xC589cda22D695FD6c8028a39C6Fb0e79D4814DcC,2
0xC54070d4383a329915370eB95D14fB018549eF57,2
0xc4D8f4C8b8Cbc09F2d63c20fd3B7f0B3e7c956a3,2
0xC4C11e606eA48045B85a68f91b92a22985Fc8Bce,2
0xC2f80532d028F42d70b5987A3AbC6eEaaB1f5ECf,2
0xc0D63761276A7Fe60aEF63663Ff19Cbb91f3623E,2
0xbFf3Ff4eE3F18318B8a6a983788783f44Ec36168,2
0xBEbE172f01b73CE13F18005728d0eEC240973561,2
0xBBD418Ab8E3df096f9E9Fd910eb6DF224795c47d,2
0xBBCd20ce806B1Ee62ddbAC56e54FE3B996dAcaea,2
0xBACc5D31C618de4d5b019F692Be8Bd88338Ec675,2
0xB8F7343F37110a7Ee218b6f2C2DD23e55a3303C0,2
0xB7fa3aeFe4fa2271e63E7CF3C4B5bBd914A3d1D5,2
0xB6A06E00Dc2FE6a5910BD42A143aD1d6536D6714,2
0xB6983Da4CD6eD5A7D6f796a81e755Ee920eC42E7,2
0xB676Eb77F1441Ff2F7F3D1247525C405f395D387,2
0xB5e822CdA6B631FD7a39Aa3D14E91a551D3867Cb,2
0xB4c993BD813FF853d458E1C6C36746d8BBB81f4C,2
0xB4bE932128E7B8f68b25c26Ce3ce4790E770CE62,2
0xb420C9D203ba9ac21Fe095A413635E6ec131F866,2
0xb39bd4A05FFbCAFB3BFdA1b2E821072cC8e93E5d,2
0xB34cAEbCEcD78db0Bc5F06eF5183716aD00480c9,2
0xB25dcd33089dFBB4645FEc336CF059218bF190b0,2
0xb204d48a5B22c3a2EdaFecBA612E4Ad3eE8Ac061,2
0xB14e3881001920933EDFa113dBaF82b00E197B07,2
0xB0902D498225591966c296b27742028C3310AB9F,2
0xaFb70828BAA3D891d26490e13c50a289D0077CE4,2
0xaF359a14c72cA0b32efbd396845D94f08d1b1819,2
0xAe1c0E4b2464C28841C169A50ff581a70b560034,2
0xAd558FEf1354A163aaD58bC45c701bEF76Ed300A,2
0xAD438551e4109161148cF2427cb132D83758e1B5,2
0xAbda5ddD9d8D3E5811BeFBE7A97BCcbFf68883e2,2
0xAa9a2F1edC5789bF70Ed9396108Aa75cc411D487,2
0xa98293A52C94870ec8ccf4a5595896b0EFe11c10,2
0xA8c8c172b1e4891DFbEFdF4E141a6a1a3B68e910,2
0xa8c30F2D7E5C94Baf7bbDed83Be3c82AbC2AfA6E,2
0xa880f78d53513D697505eB5Bd24C22CC5162BeD2,2
0xA6E9f2224F0247288273D9892b0d2dadF4E973e8,2
0xA4e930CDa448f3feD13D7ff41B833173533ED8fa,2
0xA462D00520C9FfBA75F9cC5982876209ceFC91f7,2
0xa45546956F2242DCa9837D596407eda3CA63dD01,2
0xA31F4c452Dd14F24968F213b28C02Ec8Aa879383,2
0xA27bDb042Fa72d61351625740d98728d45B0Ba37,2
0xa18522963c438B3486470d45A20f7164c0174eBF,2
0xA0E70ceD8d62249e9872218F3599a0d04FCD3407,2
0xa0146E6009D086861E5D1c1847ACF4a41cE1204d,2
0x9Ff95864c73a59192d1A0eCf0dE09693a237dFa2,2
0x9FB68aF7C2Af2A647FF127639f3fE50168a7d57c,2
0x9e78E281E04e3Fe29a9e925390f07362898849D7,2
0x9d8d454bf5c6c4f9DE0f055d94aFcbd94eB59fFB,2
0x9CDc73e9Fef199CDd8Ef0Ca54815F12d9347E84F,2
0x9cD3Fb2d0EB4B37280cE2F45590755Feb89E8041,2
0x9bFC202E67ded6036F7e21812aA1296Fd0B94e5D,2
0x9A116F37CeB58a6dEB8F7A930b5F66D9f605b9a1,2
0x999a62Fc3605b37d5AdE655CcED380db32c30a98,2
0x9972Faea376A167aAc4d306Ac067633F59141C47,2
0x973DFABbe8EE2788545956416C0ecB6e85e4f0Fd,2
0x966937593C08f192eFad0c801657111FE9bD0143,2
0x95494c6F8223e11C5DAe4663F2BA2B0e11b79594,2
0x945147200A4fcBA9E8a14438A8A37149F8d8141d,2
0x94018cd6EEa3fd9D988197C708670D2C69dF84D3,2
0x92d6065322EAd362268D5d33a0f23582769C343A,2
0x929105008C93d80d87d8cd90fa494a456887e1dD,2
0x91f151bdE06Fd243681241d73a2F4B94d9798984,2
0x91d0D4B4D7071b00d16abC90D58511c9f62413Ed,2
0x913F0422a43683eb038A8222e411ea3654F96467,2
0x904a317EC1174Cdc4e283c8155Fa89304C96DD05,2
0x90457dF24e85E174E61eC62fBAb1A6eF34874d7C,2
0x8C0fd8D4F8911A9ad1bE51926926965aB0392be4,2
0x8bfD6ED7492f550b30cF11bCaD540A84841b77b5,2
0x8Bed63aA9f04DdF829c58EA76b8417eC343ced28,2
0x8b959807Cc2B8c8853A18eee1eFAB16949FCd867,2
0x8A90B69237deB273F6f628E9A3Bad6685dB7D9F9,2
0x891809a2899674809cd7Fd19B560fd64cFe61B84,2
0x87e8fcFcEf79C6F27993ac08967636E4E0bE69A0,2
0x87cE5Ae644c67a180C65D18671065ae82b91eD6d,2
0x876DDbceB91C669d0b14afCfe57119F6d28FA65E,2
0x8746033A047be8724aAFb34Fd525d58c40425C3a,2
0x850790584efAe65BBFbC3E65140736dFd6ded746,2
0x83e5AdD0C88A62fd7C68DB5f995b04862536fF81,2
0x8365792eed0e1c84E2843dCD14d36054FaDc1e26,2
0x813C0bD5703cef23bfb6052A8735a024b2430d9c,2
0x7F2da54a26a363276cffad8f976dCFB7469AaDe8,2
0x7D98514635BF26E098eE441Efe5e9947BdE9e298,2
0x7b6046Df0c0f62C334b2D7aac728Dbc1FC4036A1,2
0x7aF2C13C264Fcd143bbe51520084508144499d2f,2
0x7a179f8B16C0e930746119AA1b0D8d07c191EF9F,2
0x76eFBd41B4189e90CF32B1A9EF0370B6786fa34C,2
0x7663713e0167d08742f0c9aC160d95346543fc13,2
0x7562BFC6ce3176026596E8F665b73f92BF1152dF,2
0x714A2B0dfC2C1618eDc1FA652EAa7b2F3D99d755,2
0x6Ef67A8cFb49140ED3d38cc7a4bFb2D0FC6088DF,2
0x6e6c9Db34695294C7f2401F69c38EdfF805493B1,2
0x6DfEA322ebf0101990972A776A6B751840d84B8c,2
0x6D5938EA46A5936f3223B226293f886A820dB5a5,2
0x6CF83F046171E0f6b99b5c0751B15e7B5A3CdE98,2
0x6C9C2FF4f9Ce371Eb637913Dd277C5266b50F0B7,2
0x6c0582295C34F499Aa27963B0A8618e6E0831510,2
0x6b51Ae3A0De15387B8f1D602a40704db9E137c5D,2
0x6a2f9f2A788D5036C8577a0F2428229012663942,2
0x6a080592b877423e41861cA273C93Fd14349e940,2
0x696B326c3C9CF0DE1408772BD5205145B9700D51,2
0x687A3041a33CFca98c99507d10A78671ec075C06,2
0x6848D71223F53A14b9b39BcD5b28151027A4acD4,2
0x680B1A03884313A5843D8C7EBB54A0ad510F395D,2
0x67ed4b27eFD715D18206E611ac0F38A19e1723E3,2
0x67a62cdEFDe3Cb7374cAb6BE5C8bb426613CA533,2
0x67371C438A695a25976A2c8DD535854bb587a5D1,2
0x65D47b23e0aC8ADc8F49aAD352d6DB040c6c12d9,2
0x632D78e337bE7081013f8429B76d638e5f47410A,2
0x62949301c654e6F34657473b527d46030b62Fbbb,2
0x5faEF3397595F41801aC32B1e6f0d6BA5eF5B51B,2
0x5de5c768DA3926C189783F31a5716aa368B9AF6E,2
0x5D0593d5f532ed5bd5E06b5cCD0C3bdd46618368,2
0x5bAaC7ccda079839C9524b90dF81720834FC039f,2
0x5b6f36077a54BC2ac672DC3eF2a87cA4FE383a4e,2
0x5b4a08d9D5f8c87C00Ad3e885Ca838a6D9b1DE7C,2
0x583CE83D62BA458502e27aA1950939ab1140B0A6,2
0x57708372e880E8e839aeDD75974Ab972a82ddAa1,2
0x569eD85f05542f88EF098D3faE72f639203a769E,2
0x563De7679A30681BA3119b0a376A2E2259386984,2
0x5603D159c45bB6662b1fE593E37b9fb7dd5d3363,2
0x54bA590F73F1E4Be58E8a3C97c4cc81E71500b01,2
0x54AA7E866378e4ff3140AAf167571111Cc9cB5d7,2
0x547ec667A34Fde868d9011921eb4677Dc6Dd6202,2
0x51b19E0128c9481FBEf858d44715fAc67d0e6810,2
0x50e7E89ace7B7c05C2a0a71B107eB42fA5272315,2
0x4fB65D7476878EA051be77D5dE7CC57b19fe4d9B,2
0x4f0DFf493Af59561B42951c38eBa4D90a782c1EB,2
0x4ed4aE9f1BeA721d6018e8228e1C7AF4FeA90BB1,2
0x4d18fE087330403b82AD453981739A708b1c42aC,2
0x4bd41E0128713A534FD9c0D0B211760724DF3f58,2
0x4b68d433D9b271383798A3aA94B8eA71e4D3fE85,2
0x4a5DdEB5dDDDE19224126866b29bd43B6250907B,2
0x4A1BA4578568DF4386be35c26f4ee975fC014cdC,2
0x49822c9b9EBAB7c024928418E095643722bC9FD0,2
0x493f26Df9e602976Cf0bBC6475FFF0067898a1d1,2
0x48b0D276C9e1E62ee770881E770E1e813086D568,2
0x4793f222861De190e1D45B802d96B05175AaDA5B,2
0x4718ce007293bCe1E514887E6F55ea71d9A992d6,2
0x468Cb3A6f2D21D5F3f8aDaefb07F33a74Cc5Bb4F,2
0x45FC43177EB8D9105d28d13Ce95133845a7D163F,2
0x45850265BfC810Fd8e4502c86B918AF6C5dCFCBA,2
0x44d718cfC443d89330e90F3c6B0414833D9E5E5e,2
0x44a0737897EdBC0EF74F2B329e25C605a3eF8f3B,2
0x4362315f58f8d2b506B25E2a3A3238ed9A742d97,2
0x42aE0eDC7efC4Ea00C2DAE15c6a42b59E4DBF710,2
0x3E0d9F2311ea78b36e482aDaDB254Ad54f905Bb4,2
0x3B7403DBdF02A61E3079a17890221f6A4983bB79,2
0x3a64A5e562d39E9A5DD716F10b75FC0F838EE639,2
0x3a3A8693A03B7a7d53E14846291F70362FC8D836,2
0x3929E7cdA6bc3bB834AC1cFe77f5936AE75981B2,2
0x390dD42Ecb326827f29A9458b33d989C10bCeDB7,2
0x37f4b3E008e58537D3162E019a4e189644db2129,2
0x375185AD3676F55a14d5638B091eD4B20C6F37Fb,2
0x36d45a1D8cA0aC0a19ef2897D4d68396234323B9,2
0x360229665692c2FFcf593db14222147f07b5Cd01,2
0x35E499C810Cc78CbFDacd3b13d7343AA75cE2E8B,2
0x35Ae6a82Cf6648E772722484DE9e5FF0822d644E,2
0x359B4164aa6E9Cb0A45e8acc92BccaD930a5c622,2
0x345326a63D3fb4428d02De264f2b45f6889e78D0,2
0x320e5B137aEe439F00c2E14D651339dfdD7965c8,2
0x3080359c617650ad6C1D8A798504374aCFe9a1b0,2
0x3013bb1a3C961176e4C2aE3d25037b3a664fFF4C,2
0x2f83852746Ec6359A9125CdcD5C9A6d444a317c7,2
0x2e88F59d4388938F4d8Ef7ea4FfDB36782B61AB4,2
0x2db7CfD7745AA516cfbAA9D72B457bf4A0eEd5F8,2
0x2D0aB8653B88aaeE6aEE4648216D53C548238aD0,2
0x2C88E6b5e85E0bF69018dF6e1a698A968526742E,2
0x2C196cF1aC30308362cd3f3A77326E4F12A9FD86,2
0x2B5bf26b1b303F63B235C89bA9e5eb7F0E18bc36,2
0x29e7647C7286eaFc5cCC200a2c213339b52993a1,2
0x2988d4E631A322c4541b5a0C76b401493012d228,2
0x2971C6868ad10508a9A5A06591A6c25Df5c84BDe,2
0x26E3989d82DFA0c097f8De67E80eEa3dE77d4b74,2
0x26c2bdBaA6153DF14433A293b66F6439a3B8b194,2
0x2677D7573450e5D696a448B9fB6e3bA5c437c8A5,2
0x241F93ca7a4792640D2c7B1593065442Ad29Ab88,2
0x24073c402dfED4B9D8BDD185F7014bB893551c36,2
0x2355c5619bCCCD83181414E036a603b7FD58FC01,2
0x22FFB898e8168aB01bd24FA4391dAeeBDC03fc12,2
0x2270cC829f32115bcEC29F91698E4B2378725615,2
0x226783dFb05099E50638C4f5230Dc614295B424D,2
0x21caa22013978365D9F5Bd5c106ea6b5F0BBD1E4,2
0x20D708ea6e201312453C211dd1Af22DDA8FbA037,2
0x20BC366Cc519F555cAe553A2c68C3fcD98dD62C0,2
0x207F864F220eEE939B39FDdEA1Bde432fFA0Fa6E,2
0x2054365058F0f0DFE53a3AdB36D34a1849d0430A,2
0x1fac2B17c44EAEe090585DdBE8D3abdACf504946,2
0x1f6e25D2D26885326f9D0E7662d96b9d70D0611D,2
0x193aE10208300Ff7801355c6d87D2d096A766a98,2
0x17dC3267ffa9c0E741e4b39a793239793c44E24c,2
0x16D29dc0532C315C4a737BBe0029126B6fE4114E,2
0x167cfbd8CeF8F08B11694a775eE0ABACDCBC0bba,2
0x156Dc2aF6c6F3da1F7661606fC0aB61ee1fF7e0e,2
0x141Cc030b7F37e3F3c8b6d7dD8909fAF53018262,2
0x129868E311C9200c424d08722403E626ffa77eCa,2
0x1261EEf362DfEeE80a1781f1e44D6FA21eDFAFD5,2
0x118964d242867E430BA16294bE8b80C2D44c047A,2
0x0f5A21D4d44AdF3Be6Fcc3120E0339A85cC4D90d,2
0x0F2dc49605e83c23Ad4E3Ec39c40101f219b3ddE,2
0x0e5D23938F90BD0d9650F1F7351472f4aBeC2Cb7,2
0x0d1fd17B636C1bB73975ae4b50BEA083B757C87E,2
0x0b699f8b455517E66ea0D4454952A7E89FdCFdaB,2
0x0b3c0f02f254f403b91dB881a31f3eC369Cc4870,2
0x0a674f36391574Ce78C5DA47d6BcFE9f6F986800,2
0x065E103a086cdC73e265ce557D5A380041D6a6aE,2
0x064A519AC944621c5d9a02Cf57311a87233BF9cd,2
0x06408892400a470CF0C4C66447f802f3d6b7bAa8,2
0x05Ec860ceBbD8005214bC65E21f24607d0F679A0,2
0x05e03F5B97c9b1aa72DcceCD7dAD6E6C262CF62e,2
0x055Da48cE9eF04875B420a05E639586364818990,2
0x053369EB489eDa5314f05CdE8eeD1Cb51Af333e6,2
0x05334aE0ddc664d2FF17170AbD7B5a396CF675B4,2
0x03Ec1e3c13fb6b2B81e600842F22c52389D2e3D5,2
0x03BDa3CC912955A1B63c997F46b5E212fDC588cE,2
0x030B763D057f3061de8D5a387Fc34ecE3EAB745a,2
0x0295b636FF5c9BdD941b4046F743B15ae5280398,2
0x02452077A645A6753C132bD00ff72d7486CAC17e,2
0x0228028A0c92cfd9743e561A96B16edBB4606054,2
0x012B5A5aC989345D90AEF94e78E41Dbf3d9A5516,2
0x000e93fd472A04F32a42c999EF12eE1Fb8F86bBB,2
0xffFfF3dB4B65342eeAe5D8ad8ac11d9987F7d40E,1
0xFfB93532987dD5dB73e02A1cfeAc11c09424C0EE,1
0xfEA2d11C0D20D8dbA8f857ba829A1E715990F19f,1
0xfE873F8DE269Ec6dE0cc70069ac2a57F01b74690,1
0xfE1Fa19c5d4aA87acB93192E16B113B9ca28D9dc,1
0xFdEC78207F7181783f6ee6f3Db598F43C445a3fC,1
0xfD9227E23D69744F4c729960A90dE8aFEcc51d16,1
0xfd51a7c876cA23ed81Dfd1F727471E9088fe3d8e,1
0xFd4906C8B337c8610C9E59D939c651a26999b603,1
0xFD34E2Be24e6172330425B446971d5C74c2C89b6,1
0xFCe4Be7033a31ca6Ed130cfb82fF9371CC9E9385,1
0xFC85FfC661b5DC611d6dB095FA2f59FAea734Ca1,1
0xFB7B103313c9EC5348030611B527e9655711A879,1
0xfb5D328D493e817F0cD16198A7Fbd8694E4d19B8,1
0xfb1bB3e414F919B616CE9178ca749a9e1C80CaC2,1
0xFaC8f27f48d245102dFf5B423D46A602c90a9D4c,1
0xFabd3FFf7954899C3dDE57457BEeD7C931E8301e,1
0xfA0bfDbae0f90FC757645b03D3229AF9215cB7DE,1
0xFA02aB5F5736598Aa728A253514AB329A1a78965,1
0xF9fB812B8E34DEc9ba88B84ff006c9d9b335cFB7,1
0xf9B864351BD61325091B6Dd8F81632e50a6E446d,1
0xF97198a99cF54B4ABEd81D3bC760CFA013af79a8,1
0xF95038453DEc1666922f0F80A6464Fd071203003,1
0xf8e63Ce2b3C53A8fe9A014E3468C89aD3C321C0a,1
0xF866658cA4564A5209821d4Bf33e6ed21e0D8d8B,1
0xf85D65F79ccaD355Deea5a47fF48367E1C8D0Ab9,1
0xF8503143365Ce6C5292Eec846862Ff8dd6425600,1
0xf79c4Bf55CfdDA274e3303298168ADd14f04b92e,1
0xf78bD7b1398674d25b4b15b992b93c73737F4922,1
0xf76A0d83f7904705547671b6bF634565fC35e0B8,1
0xF73C30DD06C30C06d8818DD21c3b3368DF5Be21D,1
0xF6ce52Be5eAcf0F820615031dcEb4c89a5946D3d,1
0xF6BF9f749Ff1AAA689248eA5d3B7fD5208222164,1
0xF6Aab2339285450dF21CA210AC3c2163E0F07a6e,1
0xf6Aa1366bAA4F6F4aE61da1c42c1Cb6416ac8bec,1
0xf69fEc6d858c77e969509843852178bd24CAd2B6,1
0xf69977F2DcD738dc4134f5729c1811D446a38E41,1
0xf667554e3883127b6Cec1cAF3480e0f0aa0b2A5C,1
0xf652dE018A0AF6Fc2a7c268992aE79db067aeC2c,1
0xF62e20048f89CA11137B2236d0B7f2534Cc2B7fB,1
0xF617be1549FACcCC046f8E95F7A36F92F86Ecb3B,1
0xF5B5726c9bCF05a6ae6A529B595F4331570653c4,1
0xf59869812096F1f8abdFfcEcF067EB140b4FfC3C,1
0xF5852c57Dfa5ab01044DCCA7f282dd50036B36e7,1
0xf5515cFb559aA82bcb0eE6E2f61Ef21dECCdadad,1
0xF4b5102521c017602F259b6687Ec13879991813E,1
0xF46d09644f45C4892717699D7Ba60123ad93dB1c,1
0xF3d09F969bEd3EB99C349cA0e052C4190E9302Fe,1
0xF38193E5d6b15cEc3fa427a14a84852ec3CD6cC4,1
0xF312EAaeb8E33874Ae2d22019eB391ee29D3c0A6,1
0xF30f48286a86474bfF5aE8DB94436f27f73e9ECd,1
0xf2Fe979D95eb11198F1cEFbC484AdE43e5B4fC33,1
0xF2FBc18593392284B103231024F90E614e4A07E2,1
0xF2DB42014f213e583278840082F243ba03E646aE,1
0xF2Cf0D35655562Ec4867f1cb0614062c00870C67,1
0xf294BA175a0f9600b1b711068EE9A47dD067Bc01,1
0xf2708EAF6a998CbA1d053f23D680963fA6402CC6,1
0xf2537dD1AE03daeCcd764e4F6BA029B3ab1b1C2D,1
0xF20197705C45559BE71ee694C894F9a880B4418B,1
0xF18eFe42827AaB7B129d548d405cC758e7357aE6,1
0xF16D81079911e8D9Ca0231bfb9d77f79f65461F0,1
0xF15beC385c2FFAE4D60f0c70DF2aE48F430ba9E1,1
0xf15B09EEBA209f7d2C1030411815f6eA0dc35566,1
0xf1214AE3B3f8Ca63E38B9eeee77aDd85E4f0a078,1
0xf114CEe3a3beB8700c78dD602137C1552B2EBE56,1
0xF1043406512520c25aba11241dB10B190eDA40e0,1
0xEFF2d6EAF52604AD6Ca1AFb02Ba983DD4E9A3FbD,1
0xEfbC53e0AFdc9f649Bc1Ab692461df57E70A560f,1
0xEeE32Aa4bE3c354e64407fbED451fbD70c3172aC,1
0xeEA2C028728a328aE6cd17356F4336094A5c567A,1
0xee3D531379d4DdDA46DC22aD9DBf5473d7D483d7,1
0xEE10d732C6e85aCc4AfDFDfd97fCfBa0c175af00,1
0xedeE9e48C4d60D678a813eD2959E32Ec2396CE4B,1
0xeDd76d6587bdD0E8C9Cc6Ae6302f433F7f9719E6,1
0xED95529797ace8F55dcc49f1Abd0Fa9412D01d28,1
0xeD8C7D73dfeF15D46B4F04cB3c8b8fE9cC0aC712,1
0xEd79B9F38e4B023C4709cEFDd0DA54c77EFC34c9,1
0xed2ba5AFAd12b701D2a441D3e969D00436f2B1f7,1
0xed200bC407eB1F67cc82164AB3214540A6C6fcff,1
0xebded7CDd0d6B06038ce3BC3744324C3d6eFe8e7,1
0xEBca892547BCf62f181bBD4697C6296243174C8A,1
0xeB82b203AEB015FDABEC307eb7d6132Aaa13F324,1
0xEB5eb2D523820cE76Dd06F0e6EAF5B6F9b836C90,1
0xeB18Da8d693D7ffA3dcD3e45E603DAEd9aB25947,1
0xea7fa6B750d2C2FB0eBC570A96aE362A84Cb125e,1
0xeA3d5cA4BeECF2ae38fD60400edd34Fb085ed75C,1
0xEA0eF60419f4025a247B1F525D646616aA494E05,1
0xEA0981b0F17e7309d61f9c1f8cD230122Bf2812D,1
0xe9f778c3405B49Bb0a10Df21c6853E7f841D44AA,1
0xe9efb2ff5615e319D32074eF206D3554C7D6862c,1
0xE92071651920CC8ae80dd5AF14B37033ADad8368,1
0xe90a5658ef8D6d99917769C46c037B5dCE8ff681,1
0xE8e2675e688209Cb4D7994bF4e753A1c04d8d693,1
0xe8B4c2b78d3A6fC81D8c28d23DE973CDAa0B456F,1
0xE869b12411dABDdFd2196d4F427d2973eA185375,1
0xe8589B07f67C57620cEa927ef8168c32Bff04901,1
0xe819fEe21BED57A3A008a9dD6D2486f08BF992A9,1
0xE802aeF0302999a1fD67CD0B7b9C3c7Ec147a11f,1
0xe78D4fE049C48081bDa2B6Face24E779cB4640d8,1
0xE6Bd24a9d56D41d32f791696d0CA0feF592c37bf,1
0xe5D34abCAd17428d5f74aA44f6b97A812d0F898b,1
0xE58cB03d1C9783bd5919D66EF757E8926cFB1B08,1
0xe5698F84bA79f670502343DC2f67368507059b26,1
0xe545A51780BC80FcC9c9c24d28A20C8860f24e8b,1
0xE4Fe5133913a61387Fb074b280Aded93efd183a8,1
0xe4DB6e2E94D5DD1b006CA30022C2D511b8BFBA43,1
0xe498e919dc961700c8d0F4a507344467A49609fa,1
0xe47a1bdeF595464A984E124F2647942A0ff2E1B4,1
0xe46d686A8c8429dab405bbd4cB733BCaCe9E7399,1
0xe3f2F4fE56CB63ed870d8E80Ce87A95239AfBddf,1
0xE3b3627971Afbd20C1c9ec475dCf896b55804259,1
0xE3908BAEC194C6D5739bf1bfD8dC9712639E3461,1
0xe2FB33Fa3a9cC955DA20B9bdf4956Bd9865d1407,1
0xe2d933c2E1fFd86d7BFce0AAB8DD64a58e1386C1,1
0xe24ec25b9dF6dc04c15d9E149ed6c0448d8935b9,1
0xE246Aa8B63cE04AAEd9AA2dbE569f1558b480fB8,1
0xE1F945112c63f5Da8f804a842475Da24fC0adb90,1
0xe1E712927042f6Fe0400A3839B79b97318752bEB,1
0xE1B33F3b6c8aeC11E6A49F341da945002b0D16e8,1
0xe18F8f78985Be780A7DCFBdA4Ba75e4edF3eE598,1
0xe07d14c802c93dF94Dd60e6EB53CAE6aE261aCc9,1
0xe079c088fEebCDf224293E6E1d667ecb1ffD9118,1
0xE0087094879e121aBc3e117B3a93808DB8838273,1
0xdF803A475764818edc4600c83eecE3fB84387A92,1
0xDEf5858b2d4f31D6d5A12537A951a6556b72DF82,1
0xDEaF782C238ac08B0c17Fd4E2DeAF4EC233460c3,1
0xdE96782daCaCBaCf4378144feF4015D5FfD21994,1
0xde088842dE62fEc53A7EB79617aEcDDDCC90D18A,1
0xdcF3E1f859A1e171f61EeEC9da1777470670cff3,1
0xdC483901425B2EA6494EaE01ADB6565936E25124,1
0xdc3593fe7723D6822397b4D462e74F27F24dD5b5,1
0xDC2Fc872013EEEe086Cf4f66aC68e5251d1CAD52,1
0xdC12fC7c3496F5b50eBD5A9C3eF7EbdFA3005Ce4,1
0xDbF3Bd66710C8329Ffc0932aa10e390c404DC63F,1
0xdBEA5D69183e500fae7da0Bd97B3E99DA3e1364C,1
0xdBE8012203Ed4E9D004Cb3923B7963b40320A45D,1
0xdBb277E4309A5e6005934f4354292d65a100DA7f,1
0xDB99199134AedA2451304c1c7a8C0a9f4cA28eb7,1
0xdB8C1ea853F383f374368D0d92C65C96Acf0584C,1
0xDB496B6d8E5d6E0B61B810Bf977a80708E933809,1
0xDb38eEebcFC936D40BA8F085c036D54bb82613Db,1
0xdB0bB5B51d30Bf1886ede0135aA8e967309212c1,1
0xDA58C4423BBEdF9FeAa6d19185029B30dD55D7ee,1
0xd9ebF7b08e117B7f2D757135f18D246e07D5a135,1
0xD8dEe729D435cC126b4C7d5d39bA5Fc4dfEcefD5,1
0xd8698FB6C4044ddAb5eB997DDBBcB1cbF8a9D372,1
0xD8623C5b259B0b15555002C6718e257c06685cD4,1
0xD85EeCCCB60ab26A577a79799CC446fEb2dCC03F,1
0xd7938A2735f2b6Ba6687b9356F9681e7E3DE6dcb,1
0xd71fE431168dD8da98a700f840C6647d983e16A8,1
0xd6E56E5C1620196c8387Da35ade0997120008fB9,1
0xd6CD5FA72cE4bBf3a3451C6c988463aa50518dF9,1
0xD68e6EEB487Fa1d36Ad3fe219E04d0BB8666Db69,1
0xd65CCd9811640762Bcc7Cd911acC468007Ead140,1
0xd65B76d3d3E29C9c59637Dc6Dd6C6bA3D0b58901,1
0xD5d8c6072A5b8D065253E90521fA2c58ad242bba,1
0xd5C1150ce8A4C7547d980D50107bd832097b7803,1
0xd537cc20EB63c1A7cEcE1D71237a4f643AdF4d2F,1
0xd532bd6c3F912D61656F08fE189CaC2268Da8dB6,1
0xd4da99530433e1b4c307E1D5f40d4D163475D1af,1
0xD487acf12d149cF93771496c8233B2d9c3a9902f,1
0xD47904193219374AcBe05fD0D6c42F5bC6349028,1
0xD44220cfBBa430904A81166Ee9e0836E82d089a9,1
0xD427320e14120360394E0A6231092C4f9A2787f1,1
0xd3e84dF50771842015c35e29c72155bA4AC2890b,1
0xd3a61E11681150f841eC6dC531f44F8Bc5F8E53A,1
0xd382307a42e92A3647b5A9841EEcD933adbcF0Cb,1
0xd3709146071c030abC39D2b0d7Dbb4809DE67dF9,1
0xd3494B14915462812a7e5a2f9966e7AFdE0CdD2f,1
0xD32972E23cb37367Cbef62C3AA6c11c4E4353261,1
0xD3183d431D9cf92d777F59E82fBC9B30c0bc14b4,1
0xd3138986D3323BDe4bB95806506DFCA635C94993,1
0xD2B853746E7e6a67CBe998029fbb8ac4bB39D9eD,1
0xd271A743284C469a9924c8a6F3E8e9DdE99EE503,1
0xD2468556683EFeF36491B4523Cb7CE44c4DC6559,1
0xd20B69b3Fa61d43236c08175c17A8acCbd952a43,1
0xd1eD601a8A9d2b29B2F47B91a653Ddc27DC6e820,1
0xd1D979337fF8e7E0EB6Dbf86A277a9C8A8a2F52E,1
0xd1658293684636E47D6cDF56dDAD0afBFFEfE868,1
0xD0EA2c9Dfc408256a463707DBF5bf90Dc8C7Fa35,1
0xD0E7b0AC5aEdE6D804aB2448dF5632b2c4A0a870,1
0xd0bCa5e97fe5643DdbEBB2FC603067930E1Fd7B9,1
0xD0873c9DB93c26c0462eD3351F668dFf6159281f,1
0xD02d4bBb582b972B3b1cc2a8195255D0dF8f4Bc6,1
0xcfEBEE41eA319bf1D8931F63705FadB60b5FC2E9,1
0xCF9bB8dCfE9f7f80DcfB7b4fe806e2Aea6457467,1
0xCF49298a3D171746811327774cBB403175Aa982E,1
0xCf04E91c0AAD07D6276c45B27Ec9cDC255b58E7b,1
0xceFD881cC962Af7E657657cc1A3382Fc99c374E1,1
0xceB13bd5295dB2D40e5772eA2c1Dca8a0799Fdc2,1
0xcE5e2bf7864DEb2a4A8638b8cc23c0B3037aE607,1
0xce309bEeFfECD94F6CF124e8B40b74b9fEC00f42,1
0xcE05E8646111Cd29a48eCb0D7A0931F55bC61F71,1
0xcDE92aA9Cc11f5980cF1412Ed683431bd0E57977,1
0xcdD562525a88777EbD2352B87bf356F7d434892E,1
0xcD9d295068340c8e511bCd61C3593018c248fa27,1
0xCD95c3c227A4EF9482c3AcD39A399CffdBDC94Dc,1
0xcd0c503425d229CeDb315DAD7e685911fc384b37,1
0xCCF044BD342165B9d5ee0449658FB0A33F60C7b2,1
0xcC56669E9cC0051524671706903685cA4Ef1C543,1
0xCC1d8c636aCb7e40AEd6c56B28e1345a9ca030E8,1
0xcbFD17584b557a0Ed97527104CD99C4B7192d422,1
0xcBF08e6991aaC3A499B8EfC8462083afcbAC3734,1
0xCB862Df9f20CA35609180f4E259527011311b97E,1
0xcAb3759DDEecb7383F11705B53Ee598bfB28ce3a,1
0xCaA37d4B047a30C43e58fA82D06002221269b54d,1
0xca98a7Db93E53aA7381461F728a481a941a590b5,1
0xcA3e7a412a0D2a27B75eFfbA05090cF9C58B7713,1
0xcA06329866D5B615c5B3ea2ea4724d39f14bED97,1
0xC9E49B394ca625027f322b797d95c3FB6B550b4c,1
0xc9D1009a689C21Be9D953fB50E7a23cD2b621cEd,1
0xC9a5e65228C963823615dCa4f0412628F133F57a,1
0xc9817CD6B6CB56479Dd309cCAeC39B1bF281173e,1
0xC975BeA9fC5D3dB56334BB26e3C97b495026f87e,1
0xC921f838280066390bC612F65DE982A30760aD1F,1
0xC8E517Ebf1927C83d5A802eeeDfa97FBbe55E714,1
0xC8CC0888E2228D3818cD4e996BC90E7a4B13923C,1
0xc88D6999c4C91C11f08Dc41012a0cE6573a0Ed48,1
0xc85f59D6eC8678641A87F9AE081c6994A7cC66eE,1
0xc7D23e53d1e17F95EDb9743F2A4cf62C6E43e783,1
0xC7a69ea9Ae1A4d690c37Dd59F4a22fDD0Ff9B870,1
0xc772e540E72a9B7Fa63b36a0F43148C91B365262,1
0xC76587c44A6b7449bB92491E5723aC0Af2b00108,1
0xc764e50D2E80905143293764d946a97F85d3C2aC,1
0xc735Caf7Ec0b88a4581cbcb59BC07d18727d9009,1
0xc6FfEB1298Eb33Da430d14e5Eb789256ec344625,1
0xc6E0aBAFb6B3DEA82c94291Ca1b22D18a5627c01,1
0xc6dA67A073208F5B0571C4b6Cb667dcb1FFE6e8c,1
0xC6cd9A2051d3cAF5E0A798D3Cc3A3195CC47Ee4A,1
0xc6b15f3cEb6164fB6F10569495381516D328c14E,1
0xC673D6D57ccc009ea09eBe78ba1B70d5682b27c5,1
0xC6530aA142464dA3387d1bcfa4eb94d123FF127C,1
0xC6435daAAA6078d2fCCA43f6AeF29574DcDb9bbf,1
0xc63F35D8d15977c599FC75B4365709de41029310,1
0xC616cE59D664722b95a05C3127A84DA6A8a736dF,1
0xc5ED07e91Fbc3Dd58C8532ad89E56EA2736A7E98,1
0xC5c227E9ca25A15d0B9087f41975e6867a1343b2,1
0xc5bB5dC97952843B65C07bae7c4d34a3A5ec2924,1
0xc54D83DafEf8865057933a2783151167BFe74075,1
0xC4cfF72ceEd42181Cd695B3Fe58fDEF8dd4A3570,1
0xC4C1c4AB53CED840853Ca0681119e29D490c19Bd,1
0xC4BD359135F42D4D6302b8a48FA839FACC577107,1
0xC4A5a112Ef34DF51563E10e3f3134cdfda48Aa3D,1
0xC49B99DC492300f4b91d17961838e46Cf1e36074,1
0xc48541Ed464b8bFf99E0b76cB3F64d98866C71a3,1
0xc42Aa048cA94c4EE5a3DC274D0A3878a1437cA41,1
0xC41Fc6d11aEb9f2DE042f23FAD3bab469cb38Fc2,1
0xc4071583e9FD0707c16a44B61489969C841433Dc,1
0xc39A4d5798fE22011aC9F0a22E11eb0003158f38,1
0xc394C2c2f0921A366E74bD5D8A214d18Aa1A94c4,1
0xC38CCd8FEE5AaB3fC3C5CE69d334768611ed26Ed,1
0xC3745975C5dA1cF708650EA11ef8a930da572b41,1
0xc35A5FE3C5d3C88d71Ef7681a73F343289bE31C5,1
0xC34aE1A39662415a4720d4A3e7C2Be0E202568C2,1
0xC343325F811B8a9F66af4E029c2eF7E327776ccF,1
0xc33e1BbBA9E6Eda8F06193566Fb6388A18FA87f7,1
0xc2eA6f19ea6Df53AFFf5bc74412610943E7c2737,1
0xc2ACfE79A50A417758dfaE88093eA51E96D7176a,1
0xC2658F4603FBbb452C96ba29b2336F4472e7288f,1
0xc250a2f45aaEF00Bcfd27D7445B4B62Beb249959,1
0xc2065ec61180217885397d1983f6E9D3714249ee,1
0xc1D639Aada4B3BdaaA9b0D0b2a21Ce2C61950581,1
0xC1B6cD0c095EB5DF0022EDC2BcF085Ad571ab134,1
0xc15E011B8E117FbA8cC241C70950fC79f515AB3E,1
0xC123110b44D6c5BFD7C963135041a7d80dfa107A,1
0xC10aA59d7Ae586a09F9dd5bf63CcBE26c1CF1b08,1
0xc0FeE52C18e66E0e7756Df2c3A934b46E0d9FA5a,1
0xC04EDb0C4E1BaC778329c0BAA203C09668434d5C,1
0xC02F4F05b6D733B6a621BC48D275bAa405e32B5D,1
0xc0284CCD69337E733Be9b622a83262606495F751,1
0xBFe99a6181AF87E3A40727eB2180Cd96b94Da846,1
0xBeF36C1E797BB537F2B999a1860F3784285C32a8,1
0xbe9Ad418d03D7c04838cD8705fC9D28Ac0F3740f,1
0xBe33c1841b6159040Ec8b6f4E3CDB86cB4bCB694,1
0xbde6E367071762322A5D1cd4512A2211e62F6334,1
0xbde4AA0aC3796f02c1fdA4Bb16e349F79956fadF,1
0xbd96eef6C5083b0d5573b45E8d218A4E66E8833C,1
0xbd35f000c4CB7E96f3BBa77DdABbAc74d35dBF6f,1
0xbC8ea254e2D7d6849C54574DF58Ea63d459A9Ff7,1
0xbC2A51808dAfF7c0124bf1D7E6F3D3CC17a547cf,1
0xbC27FFef35cd7f8cf99640Ac8398966F03DF1D2F,1
0xbBc582B43672C3887325a2245E8623B3AADF82c6,1
0xBb9EF9759dcbF050D35B15f1322E3AD99082f315,1
0xBa5B4f5ca3eB3bd72B341ED453E4d3a80896Dd8D,1
0xBA4C62933cEF823332F3A7b22A89a19ceA1A3b3d,1
0xBA298Fd4010f32d8794E006F84a09d62cdD61aF2,1
0xb9aa3683C9122ddb2822DD70Ae3632d510d757C9,1
0xb999449A1aba9e807ced3BBc76934298Fefc2C8c,1
0xB993cA58b8c44D375E3d010F5B65b7aF0570992A,1
0xb97a6f7bB352b370707fbE3EFFa7918C84e752f7,1
0xB9525fD864Ed5D5d3Bb7b63Ee390AEb0097b58CE,1
0xb94752C1e47b1a0f8b5Cd95B9794d35108DDeEfe,1
0xb92c0eA6Df755163924C1D6723BA841351e8a35A,1
0xB8B3e6ce24558214d97eA81D9772468d56172F5C,1
0xb79AE3300448D4cEeDFaA32B9EB964699dbEEc4F,1
0xb764cC3114c489cBA78f752Da64E2Fd9Cc6047A7,1
0xb74f47fb226bc705bb145183E2632c188BcA479d,1
0xb74C7DF1C3f782Cf87000cA7EE3A7A681436FE73,1
0xB74444F84b13bDfD38a966981c919b6aF2e69fF1,1
0xb6c71ffDd1102a41ae294B3A0Ba7d827cdaF33e7,1
0xB66243D4Be6c5a540E6B5D0892FB2fed1A770f71,1
0xB62731c050f894B5E8eA83BD4aAA28261352bD23,1
0xB58723E978c3be1122f8D0BDA5012861CF4740d1,1
0xb55FBBe6ec4dafeabEE6C6f17896EdcFc34166b9,1
0xb55bB58f4CA0A753f468B88b241bd1251a303118,1
0xB538D3F814A673Bd77cD7038d1302c1f1017FbDD,1
0xb5326c7E58E91966F77721a0bb49B791F91445fE,1
0xb4F7380aDabA443Ae8cE7eC56021db490895EB76,1
0xB45c31A4FD4a9f9505bc40781848Dd781Ed0d622,1
0xb41f105Cee63415Bd5191086d35F63aA40482be9,1
0xB2b057151A7316F5D53205d8D2A5D001F2ee685d,1
0xB2662b6da80f2c2F368Ea749d77c8Cd8308D87F1,1
0xB1F5fd86a44FE6a7029aa622Bb3a814c4Cbf1FB7,1
0xB124A577A169c8572e2806BC12e7Ffc19924e164,1
0xb09CDdea78bEe6f9d23736Cd8aADb1754Fd877d1,1
0xB02013e41174b660CD3aB62A24c826f8067597c2,1
0xafbCd3440E409C0792c164D87b967649e2A84825,1
0xaF32867C8Ff9E761Cc7e686C4BC2Fe0D693f4f63,1
0xaF0593acDC36DcF0D775782380b632BF377Fc0C3,1
0xaEAAeD1da44B4DEa724505615C8DF32765C7C092,1
0xAE98928Ff4c77083D1bAfF56341ed1f977b75AAA,1
0xAe46e07b906F221d49CcC0C726Cb323589849736,1
0xaDCb7487949D2dBcD7F7c9231d6c8ACE51CC5932,1
0xaCcd5a38cC72025C18EEA3d3123D0284d487bFdb,1
0xac58B25f2c5024Fe2683313B471aed3a927A1f55,1
0xAB7a462976981419D3f402852DB5F3760E02Cc90,1
0xaB77A8145276B00159990C748ba5Ea2B4B113F00,1
0xaaF3C85F4410Df2c8e3aA2a50969Bc553218E820,1
0xAae577436402Ceb6E79860E9Fdd29b5f6a3f6318,1
0xaAcDc33258607d60B40681b8B80A7C66fd32B2B9,1
0xaA8aF3d120eF24586d50f3218115eD2E462B3493,1
0xa9b61a1E385a519B64547274E1b6Ee4c38d3a376,1
0xA9Aee61BEE0fd0b602796cC761D70c6ccE4217b2,1
0xa9a3574357901925E511F76b35F9f18083ba32e7,1
0xa9378dC79fF3e5B84359B5327318c7b00BA0D829,1
0xa932D873aAb64e6BEC3B1C0063BEd12Bb0C80857,1
0xa91109bcB7149A17444c4DA9ed11094Fe02DA6bc,1
0xa90cC47DB8C9B8f2868E7Ea2fB4a5DD651f87Bb6,1
0xA8F495ff380cc9244524bADdfd21Ef4837541d53,1
0xa8C44248a5d5a2D503bc1386034788b4668f5B7C,1
0xa8b82Bf54A4690e5B8Cf80CFddC0d5a6d0e371e3,1
0xA8a1e341a182a40ad9709b87e3e21b116dAB76a8,1
0xA894c5ef7A6C33E7043ef276307cAC91549C9b6c,1
0xa8729EA788114Eb994933AF6140176CaE8CaA06D,1
0xa849A7cd1F176c8AF2aEa25aD6923CF4F23E1CFA,1
0xa839b5a8D790fB3054A16E6fe0254BDFB4bf4ca3,1
0xA7D27A2e93695aD942e8BB2d673509e06367C8dc,1
0xa77357f5ea804EAa452aFbF10697537cC8Ec07c0,1
0xA723E96c191D24c15C5ec9cDFa54AdFA84CE7814,1
0xA6e3475e2d4A9937b61be131407598ed188b54f3,1
0xa6c1B4e821f3cE33cb21f21DC4580eEEA5Ce1847,1
0xa6a42367bd2e581598F302b9EE6B0CCDD233B0c5,1
0xa68e261939039fbF875303563373bEc8170A68ed,1
0xA65F9FDFB42926AFD8e86EFBAB651Bea6A4868DB,1
0xa59567969DF21b56208fF34A2b5B509e094393C0,1
0xa505fBC7dbc9B9715eB9F1f79446302E2526b350,1
0xA4FD54d459cfB4efC20F85654d019298687486cf,1
0xa4fD027730A4FB1067376A088887EC2a60de328F,1
0xa46384f05FF016b2c71De7227427bBb80df96396,1
0xa4415f08b72217FFC34b22E3Dd3527819266966a,1
0xa3ab637B00CF52CA9C4F5eD27d70848B7CB6F1D7,1
0xA39aaC19921861d6e6dEbEb25Bcf0F52420e24d4,1
0xa38B9d61d3785d67902b1Dbd857fAe238EF29CeA,1
0xa3356C412FaF487f7c4F0995a437066986aed5d0,1
0xA2BAf255BEFa878CAb2753759a7cA9622D8b8210,1
0xA284be3A5f1F548808B810C4B1c8df3a6A02d0D5,1
0xA27dB8Fd2Fa83D393Da765A510ee4aF6672Afa91,1
0xA27D47CC86f01b4A00F92365fAb4257DB8d77308,1
0xa2136476dFD03CD297579778F91eDD0975607AF0,1
0xA0b11B207d696284cd867A796b03eFa4B76484E4,1
0xa00c7167F6b78c7BFD1aC9668033F795065dC4bF,1
0x9FBF7574AC67e090868bEA093c07A3267eb8f1E6,1
0x9FAF77A76F3F5e67f5d26AC9Ab9e351b7a6Dab86,1
0x9f4969a8b06eC91A63B52814af39c946e4F361e1,1
0x9f38C764e911788Cb10e9f9D4913F93cA8E36e14,1
0x9F086D12213b5c8a44c9e83865A0b12a29851399,1
0x9Ec247F64E153A60E502109cD1D4700474179C8e,1
0x9Ebe17EED6d332154a57C6BEFc3269d745A1fA1D,1
0x9e72eD672AE6E17eC82f13ff86273b9a00360450,1
0x9e48d6BEBC95c379468Ef033F0476A263A921401,1
0x9E471009FB9b0613Ad0Fa03dd598C20053F563Cb,1
0x9e2cf2660127A9e9128809FE776Be60cD625F803,1
0x9DAa4DE0f212d531d8bA497A17ACE7a27AFCd60e,1
0x9d2d5a1580A293290bC97631067bB900d8b4F8dD,1
0x9D24eF1d2cC207363209826217F66E3a8D1B1feB,1
0x9cad87EffcB820A68FACb53EB6Ccc78Bcd91F094,1
0x9BCFc951538E4044Df11284C206042Aa44a8465D,1
0x9bcDc7db2f57B0f960A737ccC29373a9bc760134,1
0x9ba3298d77563C1849d994D39eC1b71BB2758931,1
0x9b71B14A78592b3764408480e90Dc61A6e0dDAdc,1
0x9AFf5A187fcFa4849dD3b711247B1D2b4D61629e,1
0x9adFF315F2890694e76Df83Bcca31a51a52f2Ce5,1
0x9aA5F4f7362443ade683818d1789F4dBB721F235,1
0x9a7CC969ACc192488Be3DAc769d913C364535454,1
0x9a34eecA32E37B47B4E27d86C92D9cE37393e1Ff,1
0x9A2e6834f7f7a43a9EFb5d9cbC2d6241674D6233,1
0x9995c4d2a62244364DACe32AB10176457e5F37BF,1
0x99840A37DdB58E8F9e19502ABEd741781041443e,1
0x9956e73F5626828398816B9725AB1c8330FAC792,1
0x98c0D6B757481adF68830ca0326EE7D9370C9b9e,1
0x98a9B8326e9CecfAAd3D25998E9db99f385F739d,1
0x98751600628Aa93f966726d66cEC66A039480deA,1
0x9871c9708fA9E59f9CF552DfB4feEb51389d1ABe,1
0x984CB1203228ce680964A15805D1DafBF105d26E,1
0x983E113712685f8EBD669F600BD18A9D0494C893,1
0x983b2803231F891904CE711EAe703B0A61Bc124D,1
0x983572F1D9fA94F0991dE7F71b6c5f62Dbd9a053,1
0x9813838368DD45a2C2B3a277029E29bc94dD5b4c,1
0x97C8de6058BFcE0CD9c100B7d6D7248529878057,1
0x97bf02247bAE849CB57AF38d9497279D662d5Fe1,1
0x974f899Bbbca733728Cc304104C79A8Aa5a64185,1
0x970A5fc0FeeD0cd38E5fb7f78E2446cd3055740B,1
0x96ea7F58De1B1ca89719e95eF2C809Be033b0721,1
0x96e478489fa94f23b815ABc2F5501f79D766Fc42,1
0x96CBCE1fb08eBA675a574353Ed1f77dAC5Fe7bAc,1
0x96C4960894d94C26526B438b67e39ac7A7312aB8,1
0x9654b10a470138F9bb01bFAAF944aE861828ecBf,1
0x95B67dE9f130E825B06698DD677bF33d682118D5,1
0x958d8A85Ae8842CA4662F794622429797818B6AF,1
0x95823a91Ef7e5C5C76265575e3E6b1035e9e2565,1
0x9553Af53c1B64b7d48Cc9915489f2B9793EADccf,1
0x952F59C79500177eBA01979828238757f3dbde0A,1
0x94F40cA6A709fF24Cca436adb0B2da0C52Ab78A0,1
0x94C0d190b97678Ca4d6E5bf7dA8f2B390E389D22,1
0x942d657625cf05eE635a6Bb50a2d46baa4c59150,1
0x9410842094189fc452Ef23F52B0dB8393C4f70E6,1
0x935B0e5FfD1b89687776A9Ceb2c46003Ed2850Bf,1
0x934A487F5118369aCfd845aE89BA1b436dcf8308,1
0x92e744854334a17F1B9A54e747BF52BbF6FB7450,1
0x92e42BC5d04616dA0349AC0059Ea50f5C6DEfc20,1
0x923BD57c0faE2B430C2a760D4ddb1e99E713F9eA,1
0x920C5e708096a69cBd27e9f32Df4aEe30565C0D8,1
0x91AE86D7373769cB206892C4aa0886EE5a383d23,1
0x90d862B27Da9e51515cBeC239348c01936094821,1
0x90d54a5FbA3eBa62AD22D10eEa92912EdCC9C80e,1
0x90C54FFEA7CD6adA260941445ed040C28Ab3C46a,1
0x906B773a22879917173831Ad32845d2B24d26830,1
0x905C20b883A7fcfC749fC8aBdDAb0086c2849545,1
0x8fB91Dc277b1Aa4021d0b7682c9A17B9ae39DC00,1
0x8f9B776b3496Ec2e5dC12AdF33DbC51bbEFE2cB4,1
0x8F7D0E02e08155ee52074775530d6EF8C06DB854,1
0x8ef70C00947b44EF804BA9EcB93EE4895Ac35192,1
0x8Ed1d629138D9BeE08B86D8f31f1Bd65dC9AeC9B,1
0x8e3806522F4FDE9Cc3e0cF896B188aA2d1D5c3B1,1
0x8df4e59A4Ad6747d2fA47296C47E7aA2D42c1326,1
0x8D3cC936c46e572fE2bc4b6D9810797379Fa26eD,1
0x8ca023426BcF2523cBfaF1E50D9ef37d0E2e9918,1
0x8C3798a5d15Bb6f780F627Bf64D73e7D76e9dC23,1
0x8C1FAAB37fe0982697F485923674C51E74b42316,1
0x8BEFB92144de3119eC9A893Eb77Ac894fD08cFe4,1
0x8BB6994D5222d70020eF2B4A6E3f2c363b9A1f87,1
0x8B94A080918F9FB7D8D6fD916896Fdb22BfaBBc2,1
0x8b936Fd0988C752Fb28D36C5F09C401bB5aB5bb5,1
0x8B658fc32a244793eA84cF157f91a066238093F7,1
0x8AFD3ecC4cd7E51c19071dBdF2400beb6Ad8a703,1
0x8A993e0FcD20a751fbFF60B7ce26c77441C3897d,1
0x8a9085B9a25955cf052489e58d6b3028DBD6Cf99,1
0x8a6d1e38795B774233efB5e19E745eCA9244572C,1
0x8A039C3C31cB57163eDA355d9b7585D0861b91Ea,1
0x89B2Ad2E93E1b17163bEE832443E77FF8CF9E505,1
0x8940216b6B4a042E6bb331E42421e2c9D60619Dc,1
0x8904cE91eA2B39e09A9e84cFc86335d440b3B9f8,1
0x88b05B07fbCD6Bc873a2f882E3842e4e9A242A5e,1
0x888c1B86000BbBDb2223A0b89E3c82AEc9D94297,1
0x885aE2A42cD24aBdB7BeFba40a0811c3575CA69a,1
0x87Bd9afC1855E548B943341e734e640F16B4a0d1,1
0x879f809e90850d916780bFcc11d685CBbCB26B95,1
0x8741e9a1DFA0A770Cc68093c325519103165FE59,1
0x873C657a919CfFa953a42D22130e74706e8eeC56,1
0x87254fA974707FD81dA3ECD2866EF421258Ef404,1
0x86D211D2FBc6C5c85Faf3Bd4F6d14268386F1668,1
0x86540406B1191c5AF41020602740F3f036f716c8,1
0x86479386f1759dC1a83290EEd485BBCa593cDCd3,1
0x863B603f261dC937a41f2C755F549a5873414a3F,1
0x861Ed270DDDfab16Df71c5BBdc00c2E9a4aa1154,1
0x860baD31A124fc0beAe7673758EFE2fcD1228714,1
0x85E31389D4138Ca9BA2CC95495C8A76268d58eF5,1
0x85AF92ED9BC4D7fD19154EDD974e274B7f25f26e,1
0x85a2Cff5f92d441D253349e7028Ed3F8119fC22C,1
0x85853c616c34e113A1a8010a16220E26aaE3EBf4,1
0x854B15017158cb2Ebb994A5B8C6Dd9Fd0fC26307,1
0x8546E9c6936C3B99b793CDD269917797902840d5,1
0x853CaBE9aD9797eA087907D8bAB59D9f0c8a29E4,1
0x84a6a7c0674A3AA03e09c026600cb46181821f07,1
0x84711a94c41FcDd8Caa0A128025094ab9839E443,1
0x8470A39EB489de2333742F8167faD29B19Ab556F,1
0x841976F7b7bfd8CcB89Eac2De25898F2753Af32D,1
0x83f7D47882CAde1858dDb4ed4E94048c31039cAF,1
0x83d98250f3B8f0DB36354E342c92377c0E37ff7A,1
0x83C889983e339b0466bDcd344F73211037a77Dfb,1
0x83C158429D0bC6f91cBaC425c4898892a1ddc564,1
0x83972De7bf4b389C375a457141eF28707cd4a4Cd,1
0x82d9b531ba3544070078E44c935fC90ffD6792E5,1
0x82be05c7Efd695D4096738F51dDe959EdA4F51a5,1
0x81662c47F27Ce0606a085F8Ddc3b68df3B20836b,1
0x80d80C080e135AcFA27ffa6Ca8690CDDe4cFC673,1
0x80BAB2a701dACbF3991D5Db64Bd21128D0Fd6338,1
0x80903C4DbC74AE9744Db4eD26baC7DAD329077CA,1
0x805bb6A16d23d6f4a30Ff6Fb51348B95f1F078F6,1
0x8050962b122B301FB223AB730aB2DdE63e501fcf,1
0x80137315fF0064B71C1398e2124b640532eb72Ac,1
0x7fe8E1Fc90f6a49E0528574feEeeeeEd5ccB3168,1
0x7f71ea27d68EC25c022A1404d302726AF8F3BB49,1
0x7F6fEdd60387935045B10D07A7b15B6734722992,1
0x7f52f0D15fE7E4E4E8c6deAD1BaB72BC9d25c428,1
0x7eF9C43755A1f69690CBE90e70dE2f50c6c56f8F,1
0x7EDAE43c6dc144997552F13F96C14394665C71c7,1
0x7E6cc119019D0661467285b3AA8Aa5840C806e0C,1
0x7d7fFf780973D01B13B3889048459626Dc87C524,1
0x7D2b91A56DA2f5064B671E407402069eCEc252DA,1
0x7d048449cf1Ab7342cEC8867d267029e6DCbAce5,1
0x7cf4cf429025Efc77aC21e87DE07B7aC806CA8E9,1
0x7CCb948347Ae42df9b9e3eDd79C0dc9cef6e31e2,1
0x7c14B83D3237F368DaB8ca3D0b3B47175694F868,1
0x7bF61b5fAA737847434E3Ba1dc74426240C7e56A,1
0x7bd18ee1D44c8ca0A515549d38968C2AB029f3F5,1
0x7bC65ddb0D2714F52680Fb7399867149f6A4a98a,1
0x7B82fC023f8AD13C88ae9d0dBB881c959DBbFeDE,1
0x7aC99F777c001609b978c3566Ed28DB97C7C0C26,1
0x7a55aAe410Ff412F39B023E9B5E2E5dBC9a58f68,1
0x79A63480732ae3FC277f9FCDfB19C8d9B313BBdA,1
0x78FD8353D1AA704C3706F3F06706E64785dD6a88,1
0x78F86a049838189095a56A62E35d71fAfC0E6531,1
0x78BFDF9407d00bAc6b4e714469a32483B03Bf5b0,1
0x788F9d3718b65722a79B46e2c6aCd96d70186525,1
0x787dcF6B4dD22108CF317bF71Cf89780010B9785,1
0x78207bA70A3df788455F76cEBEc4Addd2D5A50b1,1
0x76F6DFd6593cD72D0F5824c7E904abB5F82913Eb,1
0x76Edc43784a6B87bE74E5C05B7F67a7F53241567,1
0x76dE28B8361ED7A736e8ae188AAaD0D68c9349B2,1
0x7686E90E058702bD80abf3A10207346f2B963a49,1
0x767C16aD98e7dCb9850De01e9FAaEf8703A09F3a,1
0x766E04c0fA45C82B199B06256938525149B07b2F,1
0x76421b12092DaA7de930030140BA2e22603c8819,1
0x75E2F2FD63ce393878dEB36Db1aaDea8822d5902,1
0x7573c12Db414BCDeB6f3ADD8587A2203E30b0711,1
0x74daC4bfc8bb7BC9bC44EC1B743742c591aCA952,1
0x74D79820678a132E120c1224A036D782982d476C,1
0x7457017b5f533520F8bdE2ec7fDb0eaA7553307b,1
0x73F2A48ec67783E0a381C3c20003240Fa48F9eF6,1
0x73a324aA1b221D335f16378582934431a2BD564F,1
0x73A0d5e4f23bc1d909975dD93FE00239021AF2C5,1
0x7392B68426948E376d47fB1498F903c190A8FfC5,1
0x73733cb1CaEedfC0f5b94D46CADA00fd591eDb9D,1
0x734B5b99BA25159104b8D311640Ed67647713305,1
0x72F85350e5610355f560d19328C708327B5d69Cf,1
0x7298824A1842a8083C8AD4455969DE11Dc72e239,1
0x72537b3E6B491969c8e87464957ba0F4517d5E54,1
0x723aa2103F1218A7DdEd09F4899a920A33FD9058,1
0x722c63B134C39faA4e4e4062Ec28df4718308492,1
0x71ECD1a09380cA46CcA741Bc48d04C556674756F,1
0x71d0a398f5bf501De86720000aa6F25CC2aCe768,1
0x71B6169F9112B6C0c7f0Ae4231bD15C048ff58cE,1
0x70572454548B45a9D0F5a113bc54D02a4BF2379d,1
0x70513d5dD19be2Bd91734282EdC8f23632ADF577,1
0x6F6549e3c3cEEc82FAc8379B905696e35d802de7,1
0x6F5ccD3e078Ba48291DfB491Cce18F348f6F5C00,1
0x6F4e3617db82bE3aa2f470De50051F7B3f95Be9b,1
0x6f3BfFD9b4763948D4351149bDC9d3cb9f77B5c8,1
0x6f2F311BB2A6D6ce5CED927Ca904CB4d505506e4,1
0x6e96F6ED9c3007229517036dd8FFC64e871D43Fd,1
0x6E8081a50D0409ED50370cf0729370E1C6d525FE,1
0x6E686f82B9241Cf18Ea6A4Ba264D232804d32065,1
0x6E50c25d866515fD8D964A4b706632CE951BAe12,1
0x6D49038984Fdf186F58bACD75df756F277165702,1
0x6ccEa2664C7F2D8cE0805C439ad348713cCd038A,1
0x6C6F2D322075b6796B2D65F2E1c1ba22023ed9Dd,1
0x6c31674aa5236c5de9aAF7000739aEF00400f4A9,1
0x6AE0058FF290517c20aeDe3A7f343ed0074A504c,1
0x6a603F52D8c35368872650eBfF8D58752EF87AFC,1
0x6A4c232b63be216C98988294A95af79D85432628,1
0x69e070e2eE88380176d215869F80D4C2b41c64D0,1
0x69A3c7cf3D0d2D527a8A9312E6970bB5CF93F579,1
0x69145FcE197Aa12437293242006373D764C6eef3,1
0x68f334603Fe78c0F28036205fEBFD6Ebe4992e16,1
0x68Ea0767F76a0468B3EB63758818823b38a020d1,1
0x68e8aC431Bb0A81a03e10Cb435dce2766ea941Bf,1
0x68A7d7Eb80F33494B55513724C1198822526F5c9,1
0x68700573570c301BA6abC44a8d21B1131bc18F64,1
0x6841965ceCA2bC4Ecc32F1EBb7a9aC426b49d9fD,1
0x6805CB41447436161D7811fF7BCC656738573590,1
0x67dFc31f1DbA070266D0684E47D8561B3Fd41A83,1
0x67D7C0dBCA57835752bF7CE7feAA4ffBc1e84eF2,1
0x665fedDc94089C6Ed6b6E34eC10559Bb2BB3e880,1
0x665163E4E376b248c298099ed39BAAE3ed5Cc99E,1
0x66381f68234924E5a4d6278C8081B99de9a9A2ec,1
0x6624a1A20FB5b194718339b51cf5c68Ecc41C4b3,1
0x6604Cc7edf4DaC13Aa30918a959CDe77D67A4d2c,1
0x65E6569375Aada4bf7Ae76Eae146515268Be6cb3,1
0x65cBa6E4bb76186aaC77802F89e1F665EAa3F7C8,1
0x652311a973153DbFF1dD33C51C4D46f8Dc93a538,1
0x65223278a8503De56d4ff6F7E16969eA5a296f53,1
0x65039d4327e54Dd8e3C5388CE8e8A741e3b019f2,1
0x64Eb946E8cE80644C8e148fd1e718cbc5fF5602f,1
0x648Cd7820256177A001FCa435Ea498e3D3bd2238,1
0x6437F74C1f511C56f518dDECA4Ce66da0d4D749f,1
0x6422040871298a3fC9f60273b967D55DA3c0F84b,1
0x63aA64Bf3Fc3D60B926D649a27F01d78B65B671b,1
0x6393eaBd205AF581E3962288B6B482A0CAAA2D66,1
0x638F32Dd35B0EfDabaEc0FfC979E1d1F935CF4e0,1
0x6370A166A4E55b8496e6F8728268Cb580aa494aa,1
0x6333458cB40d2cB36Aa88Bd358365C0d975b6bc8,1
0x631E2F3E4BAb84b04e7434520993ce30c26b956B,1
0x62D2A1462aE9Ccd4BE3Ae2698F8F432361979582,1
0x62A60CbB33fC4e1F9871df3e1bd492Ce269Ccbc3,1
0x620a47629b144b2D1E4d05be5bd6cC2d4bA1C5ed,1
0x61Dc0ffAae0BE121584Cd974a97Fa05a3032275a,1
0x61A42d818dDc88f26BAdA0E5E099D7F3A40d7A73,1
0x616FaA9A95EF5Aa613ba967708408Ac825DCBeE2,1
0x616282450A1fcd0Caa5360545276604819D4C37F,1
0x612D6f7d65E0e9053DCF1A74D77534168cCB622F,1
0x60CF8100122544a5908420de9e22D132D138c5B3,1
0x6036A3483c98da123AC628a61d0737D6530cC7ef,1
0x5F8A44640982428542Aea2a1184651A1201fA782,1
0x5F0008A49581Fa729b5cA525BEEcf7eFFbcca640,1
0x5eE5Da28A18Fca4E7547C65d14Bf745f3C112A17,1
0x5E4B5472b34Dd0967B383A1E1408993c810769d8,1
0x5e3e4a22252a3e7e1715d4572A8bC88903F36f7e,1
0x5e2f344C1E0DD39d99b722a69AC6EDf8384c9957,1
0x5DF243DE75C8b9bcFdb8801e613075bc54a8A424,1
0x5D61ADE05fA9aF7c04b95a414632b2fABb0A0f3E,1
0x5d2f29AA18aEf827317c48bd2b4f05fA24880038,1
0x5cb10feFFfF82Fa5d23D6a7e0E859592A1F4EF77,1
0x5Caa35635Cb70089a677984E7df8Dd63dfBb32D8,1
0x5c67C59c850afB2fB2aaCe4C3E03A222b992266C,1
0x5c35eDE1E0Fdd8CF3319874582eB59d9e9d5b844,1
0x5Be4940dE47536573EEDe1bE796e0c6ba6175D69,1
0x5BBfDBdDa8850c377F079c6Fb75dc21303F5f99d,1
0x5B7496690C6A13F9D30bFD35B1d7D2D791267250,1
0x5B4E81cE9823E85269A401cB0B2A7c6b7b34089F,1
0x5b47C58a141644Ec64b71cEbFe3Df862B7FA312E,1
0x5AaCA16dAb73736D955fB036a61c5dCa5B26Fc22,1
0x5A86055059a2F0123a42D4A2D33dC90a611B29A8,1
0x5a63D31bbF1bc1fa64aea79C45Ae1419EfC1DB7c,1
0x5a139475D905218B8f0BDA0534414E7E4521876B,1
0x591aB644B336Aea00d172700807D511970EAfE8c,1
0x58e51223c00381BDb288D84b2D34A852ff1cB515,1
0x586da4A5e37Dfd86b6b7110F7ED693e37883b0Af,1
0x580FdB692aaF159f9079182EF728f7c1FE2859f4,1
0x580E6F8c4ADf7C597AcaDac3eDCf9e1f04Da810a,1
0x57FfF1675023fF37149Dbf0a05F1a298e4A51f9b,1
0x57511D586ad667B7e5032dFb51AcfCf41952e601,1
0x56486eDd6d4d1b16C2Ef78EeB335F93D6Ad1dCf1,1
0x558Ee69d1365C21e2EC7193cb78854a58F9e5cde,1
0x554672172564e85bB4dbF860911aB1D79c9258D4,1
0x5523999F35bb37655D877D20dd7F6D89013AFa99,1
0x55017fdd2B9613c7c4305CE18bd900C2A52819D9,1
0x54547bEc6a6328ecB64AfDbf6f053E4a1e7942aE,1
0x542bb06FCb9Ab98447a71a840D3e31F58d67Fd53,1
0x5388A7f24e86c9c9D855A98C2F5a339AFA6a3acc,1
0x536cDa9e97d38F58542053A5361CCFA41DA2632F,1
0x530c35d0E415a5363b25E71d668414321F7830c3,1
0x52e73eDFe597F8D75bCDE2b25cb15C0C1D202248,1
0x52512043f9Eb00D08515c0Aa520d521eB3206340,1
0x5134c94E85D20ED53b79C7B4De3D48C0971bf810,1
0x511FaBeF771B2A69b18510f263b88Ee9361C5142,1
0x508dc98023f56D4CCFAC0f071ACb875b32a2d87c,1
0x507dc5182b824b36252C4a1Ce50d152E013aF39b,1
0x4Fe8b41783C52bf0caDb1bFda5e8Bf3a92E67544,1
0x4Fe23E87D977ea6484b01915ccD2746335e55dfC,1
0x4f9CEe792D5E8813dc8b6ECac248593B7deA951a,1
0x4F8Fb32d454E7303a011AB84426524ae5E268745,1
0x4F1eFa2A4EF9d2E595A901435CE499DbBD1D3e4F,1
0x4f1dC0a02FC70338Ff748975d60287AdABF5F33E,1
0x4ED63A442B16559a0B8ADb9CBe70B0188976DCc8,1
0x4eA0EBDe2F7D7Fe98BcEAC5b5Fd7076d151C2BB8,1
0x4e91D8Deb8c370d231e5D93234073b27cF5f98Dd,1
0x4E6518729588AB9F327A7C1c6a4c5bEd2378F61F,1
0x4E0EB1A9754Cb6e57db965B4Ba59675d9AE129A0,1
0x4E0a5734c08018B48328DdF48cbF1F09bBB87025,1
0x4C63931140EABF3D9c71510cd48ba21A06904E12,1
0x4C362EE36640D8b24E44985A9E6A5c426a5C2Ab2,1
0x4BBAC263C9DeBAb3e4795671849D09B10fd116E0,1
0x4bB47C8e4f82E5Aa8831952734FbC0373b1468c0,1
0x4b06E35C7BdA8511729eB220f7505C430896992A,1
0x4aA0258EC299a3AeCE29Fa07305735ec4fF5d1B6,1
0x4a99304285Fff562d786ab5a4Ec4708105b4FECe,1
0x4a4F71272e10A9844A6F8c6EA6EC268770716762,1
0x4A1477a6d1efFc3c44D482F0DCf734D6f9B85098,1
0x4a08647A2844FAF0003E708F5b936Bc00364a471,1
0x4a085e0fa5d221cFcFc7769BCfd49b78c0d883ee,1
0x49630aA8af81DFAf138468A828f46cb23ebf4F4c,1
0x49503A08d35267DdDd5FF77115670bC46c01E33A,1
0x48e4f8759acE40Cad06f80C58E9E4886AC7DF914,1
0x48dCA78589e0C5ef4189853FbEd169c57b39E6E0,1
0x489711Fd9edFDFa452Fd9f256447Fe8808c7a233,1
0x4890EBB72cccC11Db81D7fFc00DCf554B5Ea172C,1
0x48527002c48E197108779Fc5087308E3706198E4,1
0x484B4DdDBdD1B8eFa6039103d16BC58Ce62B20dc,1
0x47c1AfFF27c1E9acA652F0B2bCb73B77bA7a0ec8,1
0x478104BdFafb608B390732c976E5825fA8F6F7dd,1
0x473B7d421c249815dD48664F42c4B40eF3170146,1
0x46bDAF282650C944B8E3D2a8D0A432936FcB376d,1
0x46A7c7E3240afC439755a0B6C3Cc2851446fe041,1
0x46815ac3Fdb148f440F8E5A6a5CD244a0Fbf5524,1
0x462f8eD3CF4e6cddEE97FeaCCfD67A7d29A75214,1
0x4625845d5695113e08D6A30A8FC1B000EC436D32,1
0x4624D9070e7609e51188F98f94c1ce4034287a05,1
0x45e5d1039820f244E1861aaDD6bf7F60f0d2C9B1,1
0x45B6A2Cfbceb639C4ad237D86DC1840D0771A078,1
0x45B626b360C819Cc04388Df9f5d1be0C7Ccb744B,1
0x45ac924525e841c689D0dcc18ac502ee26360628,1
0x4581C8e84b12501f4a5Ce6ACccc2bc791913C06e,1
0x454F5E78Eb8Fc9d536D839E50f121De1f681fD89,1
0x4499961C8F9871817FAD8BA2EF4e4523172E80CC,1
0x4495E1bF18ad1b16040e4b33b7F2fC9571233814,1
0x4493bd99c9Ea52eD776876c18e5a37427174165f,1
0x44833a84A141A4d5CE7466404bf96A7035080aC3,1
0x4453f13E01C654dF2D14Ef38879e58A50fE58639,1
0x43f04B94cA37229AbaBA33FABeF2f77219578D50,1
0x43D70B83Fc4B12c33A0443C2078F4B5e3c4299e4,1
0x439EaeB35237ffa8922D24a0F45d4AD72716af54,1
0x4338B06CE6f2E5FcB788Cb1a2AAa312C871Cba8b,1
0x4318cC449b1cbE6d64dd82E16abE58C79E076C2B,1
0x42F1feaBf67dAb6dda8bF9E012F383B1C98d1F33,1
0x42EB80Bb1513bc1799Cf481a5bC557EE0E93Bc35,1
0x42e7e5F16d55b85E8432F381b92FA9f6250e50dB,1
0x42dB193A17ee0f34D125F285A6b92AF17DB427c9,1
0x41A5b4494Ad9EECD5080C78C691cC5cB67b0BaaD,1
0x41a4c2b1BD84248Eb93Da15D7467CA455526CeEA,1
0x41934eD27c59E563366A4901db2F86e3C130a958,1
0x41432c5150Fb29CC5Fad76f4c7c7A9cd2fe96Cf7,1
0x4124F27222455B139035e15b0D17B8E05F0C2Af6,1
0x40c4FfD6f27B71B959E9DFA393d610A13d9c60BD,1
0x4099f672B13D084981339dc93e1b2d9E57D24B0A,1
0x4094f33215708055a73FF74d2417D8185895d515,1
0x405Ae68D073B9088cb32A35e7eB1A72e920e6790,1
0x40127da4CcbC5Bde61B0c0aBf5d6bC791125E471,1
0x4005470902ba4113d8D92E6AB4413C6142dC7150,1
0x3fff3efC4dff88528c8cC56cD2a68e6b737F941a,1
0x3Ffc37201E317d0782bDF3D0a8299720143f04b0,1
0x3f7e2676F201d28C36532Cc909C4Cb0Fa4182ba7,1
0x3E699022f693c693Fa4e7486181CEcafd6A09920,1
0x3Dd882762AF4aB47B2025C2B434ac27a36a48516,1
0x3dAE8b5e322D3A775769B42732e6108E5322be33,1
0x3D86C7842Bb6D4e590A0e57cA5A4B8C15fE40b73,1
0x3C3e0b1A2A87C87100DD3dEc7Bd19D72B0b00B2B,1
0x3Bf8857e190735B7aD1FB7ed4FAcC1dFb4A32Eb3,1
0x3bf47c70b4792ee9Be4E3A969fE31A455B1b850c,1
0x3b9379CE4726c1DD39cDe12cdDC0571E85454006,1
0x3B91e62945065A1B25f7d1008575C83570Ab0ED7,1
0x3B4B088636Ac2652625f95B60Ed0eFAdB7255d4c,1
0x3B41793DAbA99cd614f3e27740586eBF2e16de06,1
0x3b34023A442AE8f4A585eE502dC25aE6fb0473AC,1
0x3af6B38590844039E0321F56A7B96f5b33BBb2b5,1
0x3AbC65b0afD644AA50507F618BC5b1C8E2801bd6,1
0x3aB8beB4CD92Bc28aa7DFba3B39B8FA829E941cB,1
0x3A7CFA2B55A18daC1B3Cc3615166035956A8C8D2,1
0x3A5e69cddDE982BA7a1AE1cef83cc1eC110618E9,1
0x3a3C7D299fd3C879c495594d74C242c99655634D,1
0x39e9D85396088Ab1527Cfd7010ed6Fb8cA066149,1
0x39e5E51B1DdFD95f05732Caa5966F1B6e969552f,1
0x39BBE25590AF1d43357fF8fdA59858eec219198D,1
0x39935334e6a6a751cC85967d526A3a7ee9BFA5aE,1
0x395cCC5CBF47717f1D4Dec6a7e050B8c3972642f,1
0x392DC0CcdEaeB42bAf2C608bAedFF2E40fb6a33c,1
0x38c7f8938ac2CFc1bfdd5B408fB465bD79fcE0B6,1
0x3890DbAa517c72D5905474934cAe013907c2bf99,1
0x3823583029dc2EC8299952d6B9316A3fa0dd1A9F,1
0x377965DcAb74F3998459CE4B8B92f0756b74eB9E,1
0x3749b9ead3681B11317b470a0375D3b4A8182B7F,1
0x35fA08A251C61653b6596861396bd6A9EB4Cf9ae,1
0x35c2a7324742042DFFd4E2078Cd1E19456126397,1
0x35aa41C9027597C2C15d51F327780F629bEF4D53,1
0x354501cF0A01Fe0f66Ebc5E9467Dfc58d2c273d1,1
0x3538B470FB9D006DD8f4B6EF809725ab10A3D778,1
0x34b9FB17afde3fCA6f5bF1211F7e2Cbb8A193d62,1
0x349c3E45C52ea2E804acf9c95E7d54D9823D0392,1
0x347761fD9291eD371ee0F3A345bCe9e3fFC7B37d,1
0x343c8acA379fEF68dd6e779F66cA8B6dBA41260E,1
0x34263Fc5D378B7CFEDE1D1c804Af6B8396224561,1
0x33b3607F340Bd791630994D3BC0EEb654064B59E,1
0x337C537c5340868a856c3707Fd08acb6a9e8Df9a,1
0x33651669f8D51e73A8DD59Bc7f7F562c80061164,1
0x33438a57Ca87D0F7FEf009Fa54e1868a87118C0A,1
0x330113474781c53B9E10aC2174e7be82CD89621A,1
0x32eB30CAe36e1c2E9271ca1c02DA64e5C27cB465,1
0x32E146e660E74f2a06E40f7b65cEbdEC0856B2F5,1
0x32c9b0aB60499484040FEEb2E95e9f0d46AA9290,1
0x3259E5Ace86FF943a2233925dEc0004A384114bd,1
0x3173222d5C8a7486AF6A023f068026dd90fFfa4C,1
0x3143338b83d8fC1046704C85a6bcCFA30471b5c2,1
0x3105A573fff31faDB7B9159bFC3a3A24F17440Bf,1
0x30F4ca2bEDc645821F9dc9b4aB3b5d1eb03F4C5C,1
0x30B914E52AB70a0b4615B3868EDbCEC42A04721B,1
0x309173a97eD86FC09b8110CA7a28f4E2f69BBb53,1
0x2ffEeE3a9dE65aa2dE3Bf961F0D624113dCDB349,1
0x2F39F0e85918bbfa6648AF9d4E5a0c3eFE89fb3B,1
0x2f305038Bc3dEe02103112d82e98539d400c3778,1
0x2e6D9bb14a6d75910EA03a467834825064fDF3Ea,1
0x2e5129E796874A2F02Dab9AE11E830815C7af664,1
0x2e1Fe8c5721c5CdDDE645B2234046d3113C19418,1
0x2dd6bB05316cb2fBe2C6E2e4756C7B7364579507,1
0x2dCe9490Bd1A211c99126bfD9fd7f8A414Dc57Fa,1
0x2D65Ae80a8d5df9ce64B6987ec44ac3b431f89Af,1
0x2d4395188D7e94C4C8e3a929C0075671b693120F,1
0x2d05195E3329e227F4db15e2dE3F962F6FC87766,1
0x2C410d1dE8792A4323588291489D03aa43A0A394,1
0x2c13b339af1C6AcE57A0d55eE2415dF30a6346b8,1
0x2Bde37F21Ec6FaB5Ed39447cC1C35E00071a404C,1
0x2bD60e6CAd6714448c65e310943aD8c7c33C4565,1
0x2b9388FD8dB86c56dBfaFbaEDc06A4fd3382600a,1
0x2B898A0e434E4f43c68EE3D6EB46ac0F9F994052,1
0x2b458232CeC8ed407de4040AD5187c9d94E7435d,1
0x2b213D712774B78Afd93a2F0039938aa06Ad2d2a,1
0x2AC43AE392d8Fbc50AA5C5699eec89a97205d449,1
0x2AB78E60AD7696d8875F249c9bA1B3F3FcA1EBfc,1
0x2a9A85a7F83f2F27EB821f55b298E295504d297b,1
0x2A03f71a5245B7542585DFCA127EE6a7ce8C2C45,1
0x2994C8984faaB47D133B69e3526162A23a4Ba4BB,1
0x2932A8802DF971D80Ce6D183De00DB4Db78e4717,1
0x2908e838690c7486A5c25e5C7270b76d94090b3C,1
0x2902AF288eF7d0EE966B23ac79Ee97CD700d773B,1
0x28C5D7865f6531B730b9562611A5E91a328348c4,1
0x284f65FdC72fDd73E41C225f67c365f1ce1C05B3,1
0x283273D773F2ecB292a793E705257B50EB425479,1
0x27Fea5e82e0A2182284c2d8B3DeCb5E68A818862,1
0x27EC0bdbD3b512209003363dade4bFbfB1f40B77,1
0x27C1705490E768Ad8013B54CB44BB50F320d64FC,1
0x279FC76556067DA76EbD346A66813a086507367f,1
0x278Cf6A4385F643dB49E2338105810ebCBb4Fa5A,1
0x2772532BA052A1DFDc356562c9d4B60717b79826,1
0x2728183A6c01076F0DbcaF04fdF72d522e67DaFc,1
0x2723aC532F1932ee8a182C81f9143D690dC6cb45,1
0x26E80F0960afC395E4B679975420b2740971f1fe,1
0x26ABB5f6bc7991809a899F1a13122B952829fa64,1
0x26A316d025fAc13AD74176a433E32C42Fa5E1298,1
0x269e3A2Aa6E331a69125E5867804F6990228f232,1
0x267EF73947f5b18f057B14C51A01115EfB91cd22,1
0x267112012664A8eD77b52A9894F6F77265152b8f,1
0x2658C8C500488D1cD912599954714655F84265AD,1
0x25FCFd093084D9e38ad28D46caF9b87Ed00808ef,1
0x2599E857b74A6344E9facDe02F49ed3f56ab1964,1
0x25990dBD6E3e30CA742C175E706474bf5525c133,1
0x2544f44B66F44C3A1D6b6bAfC01fC937F88626A0,1
0x24B6b08EBD2D60DcB88E96cbd93e10C437Ee5F47,1
0x24a0e4EE348f33252e83fE1e824499381dd21aa9,1
0x2468E31B17e9ee70b5E85E8c490ef48ffdC4eDe3,1
0x23DdE3bED3441FBf858bf27be3E7c01a352a024a,1
0x2348141835492DFa2c45eF7aC79F0787ae691557,1
0x232D1Bdbd95eA24702FdB0058578656b2179685C,1
0x2311e8822c2A8335Cc788D14D24dC17b889bfbF2,1
0x22B50107629aE6010757E614CD63801ADC101271,1
0x226a8B926Eb9F3b97935b4A37f43F278b7301ED4,1
0x225fC0Cb26F0d156225eFb26F2B9106289F6d386,1
0x20a79e5615D0C173ba646C87CfE199f80dd274C2,1
0x20443806E0ce3723CEA06CB8BE5985B25D29cc4D,1
0x2027F82dd29C08118323fdDfb3878F8cae689358,1
0x1F93f5709E08f61CE8FeF712b8Af0C7B2072800C,1
0x1ee217d56edF0f7adC8Acd12339887A56d6151DB,1
0x1edB287A6dBDBce3406dC2073564DC33E9B7e6E5,1
0x1eC0d986A99002cdC4f699739F721Fb1cb223d5c,1
0x1E292d32D98452afEBfF8a27F5891e0b8bce7CEB,1
0x1Ddd1BF0791457b9D428424CF433FCbD3c240D4F,1
0x1dd589Ff814B840bCDAeE01086D1d15d0E9369C5,1
0x1DBd1eD6f23D063Db5e0701e85F6217a8FaA5085,1
0x1D933FB44805D534059c005B9aA1d10099aD4Dcb,1
0x1D6C2Bcf3A85Ba755D8Ab746C8b67450A17615df,1
0x1D445ea6C586BcCEb6B64EEa8F31d4c51682eF6D,1
0x1d0E9E2e03F7Bb7cE851Bdad3D748B6438Cb27C6,1
0x1cBF02C05CEd77C50d35f65E03caA45558BbbebB,1
0x1B98e77Cbe23571CB365eE8513d9c40611665441,1
0x1B9748062150e4CdBC7D4094c6eE82E34302B3Fb,1
0x1b69E81eA7A941E49FfeD6F57cc3d63D70fE7Cd1,1
0x1AE7Ba01ff4B77BB4eD668c648C011AcaEff22f8,1
0x1ae7576b32AB7e0803EF36A5b1f83FAdC60afcCF,1
0x1AC6ECACD6A1D2c348325A762B0219c2485077eb,1
0x1ac378717ED04D3651356961b7FD899f49005cE2,1
0x1a92C9C3125D8699615E928A5c8103Dc338542d3,1
0x1A36ABEc3cD5418c32274d30eC742fA4B79b019f,1
0x1a2eEB93ce01e08f7a4DA1715dad5b93bA51C60E,1
0x1a15722923D8898E4d9DdB1a5287fec56deBAcCd,1
0x19e72076FC6Ac5A58698314C8c1aD53bbFDffA8c,1
0x19B6Ff28812c54250A679b857029A3919169A2c3,1
0x198b3913C38c6044C93CF96fE948e280ac659e65,1
0x1934Ffb7B4B0EFc352a0260b35b86Da4c6797478,1
0x192E19763a84129C916a1F7C5F286A0F8553DD27,1
0x190f720eeadD9Cf83bc94D66aA1417Ce22c32020,1
0x18A1a2b95734654dE5b40fD49520249a366D3cE5,1
0x186E9AD009bc1C108a04f22f21faB88590993D9A,1
0x1841429edB69be1a15AE1cDfD3260CA396c20f0A,1
0x17d4AB545b74402Fed9715FFBcFaeC39B767c9dd,1
0x17cc921FFaa97cf0bB9a60c164c6A2E9A1192041,1
0x17B30C161607fF11DF365BefB98a637dcF85d733,1
0x1794F187eB1A4a31A39289Cf7eC7c3387d831d4d,1
0x177f9A105EDd0E579eE9113d46Cb1C49F0a6417d,1
0x1763701608e989Efd26e9a8A4dB840B53eE1d418,1
0x170CB896dE25DEBB8aBE548D41C651072fc341F8,1
0x17070A57C8Cf2efE15087Ebc318dBfC036285c07,1
0x16A9939e7006541012a3c5df6E3BB8196B4711EC,1
0x167D87A906dA361A10061fe42bbe89451c2EE584,1
0x1622D4EccB6DFC71fF89Fc9Aa9747b6C1544171f,1
0x158f6870CF9F43c4C041bBfCB76ae97A6d4Fc329,1
0x156faA2D046c12a6e2886BD0709ebf51FcF67dfd,1
0x155129BAab50bc2D7DAcE71e2BAB9133BBB3b65F,1
0x13dEC2cdf6a55CC3d3F1BF8Ce04Bc4150d90Ed11,1
0x13A3DB0Bb8B748a183644D1549fC86D8185e9ED0,1
0x1340fe0721Ab5BCD59bD7016262B687b09eEa388,1
0x132d2a3012A83E9c201b30edb1E2De7659703a2a,1
0x12bf0d5287CCE7d49BC75031Cb7072e591724598,1
0x12ae65f534231CAB41C5DA6160F0Cbbc35D08C62,1
0x124AC65dF63302698C38DCD7a4BbfB54944c8822,1
0x12433679541975C71ed96Ff07AA36Df62D1c35B1,1
0x122EDcEaae5C230B439612f9666131d810Aa3E06,1
0x11b8bdc3A4F1Be25Bef72d77C7B7dE39AF87AFa6,1
0x1190f8b13bf5563748611110CCcc66128c473dF7,1
0x11842bfD11dF6439F1A820A65d51ddd8f2f2Fc5B,1
0x114f6A54C5f6Eb0730285949cf725BaF26b1926c,1
0x10D61fCEbC14eB9f689D465CE95fea4eAdF197b7,1
0x10D4CD386556eDD57240Fb157e93527206Adc27B,1
0x10cE170c953B5d5f1f8A166847b817Fe45B37490,1
0x10A3620F880EbC8c9F1A139521900cc70E8667A5,1
0x1078EF8a8605c165CEf6BDFEb1c4732D103289aE,1
0x0FC5C3c6636bD0ff85D1B40eb20e2C8a1c9bDFeF,1
0x0FB243fA82d59E6990Ad09DAa181e79B2Eeb8305,1
0x0F92b6e221373712c4fF46238961b7831157037C,1
0x0F6f7a8EE4Ba8Ee6060C8b541C97371fa8263095,1
0x0F11E3655994B830B1a68D530c5Cd6C608B036F3,1
0x0ec3162619c758E5F55Dd0EF3218cF6Bc4ab38f5,1
0x0E632A93078a61f434293924B9157B614E754BA7,1
0x0e469aa3721AeF1876aeF27fDCd8BCf412d066D5,1
0x0DdcC49455e0A2BED40B0fDdeb4fC8A0fA3e0FfB,1
0x0DDaB7B898f3CBD6a52Dc61296d34c4D1232E790,1
0x0dbd6CFB1d884C4B0bf0169ae094323f9d79f222,1
0x0DA1ea9dC866D4274301Ae324c2BE9b59b1e7fc4,1
0x0d6432FA455Ad2B4699558554F2101712b6d9754,1
0x0D55B522c220139303EE2092c4D7CDe3Ac2Ed335,1
0x0d21d6CF1E927835B8E611240B9b68Ac58cf7b8f,1
0x0D027CfE3CA1F91e2eB4B304faAcc334dca24195,1
0x0CDDA18aA9139233eb39156DE43Bc29496BEaD11,1
0x0ca29a9375F1c5C048132A00818D6Ff3e33b7a50,1
0x0c64D4319C260593c74687515e698727E4F510f5,1
0x0B7cb56ff914f69C49586392bf5de07f614ef868,1
0x0b6Aac122570790E06a90C9A31D6Dbe4e32Ecb78,1
0x0b32Aa5C1e71715206fE29b7BADB21ad95F272C0,1
0x0b246e145d4111495f665E52Bc7dcB3FD009c039,1
0x0afd45578AA14072cd660f7Efb33f7F061FcA85C,1
0x0Aaf1518D21DCf4b61a667d8A5D6C89026A5F1EB,1
0x0A4870777419b2635D52FDfE9C70497EB7EC898C,1
0x09DB8929975A26Ce6C7F510872e0725dD1B1c9e1,1
0x0936e45D24DFDAd2815D56212Bb6850E59AEE11c,1
0x091666e8f570CbA547cc63a1F5bB553d1617Ab33,1
0x090C071c4644D7a07ef04e17eA77Cd36c0e27088,1
0x085e7df3dE4E7F3c04D5091cf325D35Bac2cD1ad,1
0x07B167B84021419F8385fA5fA1733F6230Ec0b27,1
0x07a232BBF147A2340F17f5a682BC4B7B358dEd16,1
0x076F2013e1879De5Ae3c4C89505041a89e1d2D9F,1
0x070f6C334e60a484C42f8eFf18b54D43bbAE790F,1
0x06E5f43a7c2970B50a958199611B306Fc03FcA4F,1
0x069e1d420160f921A59986F49999e6Fc6faa06bf,1
0x062D45E3eD74B8F8B89Ad41FF172c94c9962a01b,1
0x0624862f0b73C307647e86F1D13043658B8cE73A,1
0x05E0Beb2A8DF5b7237C86EFcAA4df72B027fA9f0,1
0x05d9765120cfe5aA634E0C18011c0e613a7013E2,1
0x05C9AdA9E870a52e42b08fc57811419655F883EB,1
0x05B8cB0bfaB9caA22e7a419Bb5e169E549079317,1
0x0555DeC11bF5abBeC836046D91a51C04DD00C4F6,1
0x04E75F753B9D910e9F5c60A450BddB7aF63e2Bfc,1
0x04cBd7F65A26f567937E7EF79EE229FB12d8780A,1
0x04b6788ADF876Ee991f4F33f7A29a3EA674C22Ed,1
0x049E3890Ac170526B49B8134d0828b1DFDF85c93,1
0x047bd45c577e474f6631e62681C300c6047A2A8f,1
0x0473070f8e7De3D7Ce0dC2333bBb6362b28dFE56,1
0x0449Dfd7bfbce5050f592e53A2a60817537c3b02,1
0x04103000703e768995141cd76C88375977163a9b,1
0x03AB1E5c81C1cBf7487e5D2331d3B7c80b8668b7,1
0x036646aA6f20b36071f54AE17C0bE570F7718a78,1
0x02bF47249d90c56Dd2c3F421881A4308021C3CBF,1
0x0277E1EE2feAe21C874e86217702e0021C36B060,1
0x0243370CDa6a74e9C0cf955C49172AF947287aDc,1
0x021f0A84EBf4e84D321331598e72530BC470787c,1
0x01a5013CfC6fA87007B7b813A1AC6A791a735032,1
0x012e4CebA0AD770c2481ebF857724175e75fCCcf,1
0x0125054443c774AC1009187b54bd6B035ee4C61a,1
0x010146d2CC02cFDe775Ee18a426Ec3658E459569,1
0x00E1F021c41Fcf44f307e2137C2C5De2910f4a76,1
0x00b629a96Bc7e3558284845BfD9fDa997446aC17,1
0x00AF18b9F5bd3505D4683cA11DE9Ab9Ae088a7eC,1
0x00AB75B6f6554478392E08de7450DF3350D96a06,1
0x0091120bbA8b795E16487bf9C9906c2C014cB3F3,1
0x0082f74947DEf129bAEb382CF55FE50B40c4a295,1
0x006ce0CD15b0d8cc98717237f9F4Bc820B9Ba6c4,1
0x00622116402F303f22D38F3ec202774F183f6468,1
0x00584316C18d19D163FeD81277f48A53E07Ac156,1
0x00240D2A487c64446eEf950317cC33ba8Fe09e7b,1
0x001c572fD11aAb5F68B527445B253F3AD1E37a6c,1
0x000c5fC324BF2805C6e44233802DA0564E45af43,1
0x000361cB0078b5567A59FDD4e395D89042D2Ba5E,1
0x00000015E180b01c40b881e10774Bc784bB6F4Eb,1
